ItemCode,ItemDescribe,ItemType,ItemStrength,ItemDegreeExposure,SomechBuyton
b1141,ב15 פוליה ש4 ח1,1,1,1,4
b1142,ב15 פוליה ש4 ח2,1,1,2,4
b1143,ב15 פוליה ש4 ח3,1,1,3,4
b1144,ב15 פוליה ש4 ח4,1,1,4,4
b1145,ב15 פוליה ש4 ח5,1,1,5,4
b1146,ב15 פוליה ש4 ח6,1,1,6,4
b1147,ב15 פוליה ש4 ח7,1,1,7,4
b1148,ב15 פוליה ש4 ח8,1,1,8,4
b1149,ב15 פוליה ש4 ח9,1,1,9,4
b1151,ב15 פוליה ש5 ח1,1,1,1,5
b1152,ב15 פוליה ש5 ח2,1,1,2,5
b1153,ב15 פוליה ש5 ח3,1,1,3,5
b1154,ב15 פוליה ש5 ח4,1,1,4,5
b1155,ב15 פוליה ש5 ח5,1,1,5,5
b1156,ב15 פוליה ש5 ח6,1,1,6,5
b1157,ב15 פוליה ש5 ח7,1,1,7,5
b1158,ב15 פוליה ש5 ח8,1,1,8,5
b1159,ב15 פוליה ש5 ח9,1,1,9,5
b1161,ב15 פוליה ש6 ח1,1,1,1,6
b1162,ב15 פוליה ש6 ח2,1,1,2,6
b1163,ב15 פוליה ש6 ח3,1,1,3,6
b1164,ב15 פוליה ש6 ח4,1,1,4,6
b1165,ב15 פוליה ש6 ח5,1,1,5,6
b1166,ב15 פוליה ש6 ח6,1,1,6,6
b1167,ב15 פוליה ש6 ח7,1,1,7,6
b1168,ב15 פוליה ש6 ח8,1,1,8,6
b1169,ב15 פוליה ש6 ח9,1,1,9,6
b1171,ב15 פוליה ש7 ח1,1,1,1,7
b1172,ב15 פוליה ש7 ח2,1,1,2,7
b1173,ב15 פוליה ש7 ח3,1,1,3,7
b1174,ב15 פוליה ש7 ח4,1,1,4,7
b1175,ב15 פוליה ש7 ח5,1,1,5,7
b1176,ב15 פוליה ש7 ח6,1,1,6,7
b1177,ב15 פוליה ש7 ח7,1,1,7,7
b1178,ב15 פוליה ש7 ח8,1,1,8,7
b1179,ב15 פוליה ש7 ח9,1,1,9,7
b1181,ב15 פוליה ש8 ח1,1,1,1,8
b1182,ב15 פוליה ש8 ח2,1,1,2,8
b1183,ב15 פוליה ש8 ח3,1,1,3,8
b1184,ב15 פוליה ש8 ח4,1,1,4,8
b1185,ב15 פוליה ש8 ח5,1,1,5,8
b1186,ב15 פוליה ש8 ח6,1,1,6,8
b1187,ב15 פוליה ש8 ח7,1,1,7,8
b1188,ב15 פוליה ש8 ח8,1,1,8,8
b1189,ב15 פוליה ש8 ח9,1,1,9,8
b1241,ב15 משאבה ש4 ח1,2,1,1,4
b1242,ב15 משאבה ש4 ח2,2,1,2,4
b1243,ב15 משאבה ש4 ח3,2,1,3,4
b1244,ב15 משאבה ש4 ח4,2,1,4,4
b1245,ב15 משאבה ש4 ח5,2,1,5,4
b1246,ב15 משאבה ש4 ח6,2,1,6,4
b1247,ב15 משאבה ש4 ח7,2,1,7,4
b1248,ב15 משאבה ש4 ח8,2,1,8,4
b1249,ב15 משאבה ש4 ח9,2,1,9,4
b1251,ב15 משאבה ש5 ח1,2,1,1,5
b1252,ב15 משאבה ש5 ח2,2,1,2,5
b1253,ב15 משאבה ש5 ח3,2,1,3,5
b1254,ב15 משאבה ש5 ח4,2,1,4,5
b1255,ב15 משאבה ש5 ח5,2,1,5,5
b1256,ב15 משאבה ש5 ח6,2,1,6,5
b1257,ב15 משאבה ש5 ח7,2,1,7,5
b1258,ב15 משאבה ש5 ח8,2,1,8,5
b1259,ב15 משאבה ש5 ח9,2,1,9,5
b1261,ב15 משאבה ש6 ח1,2,1,1,6
b1262,ב15 משאבה ש6 ח2,2,1,2,6
b1263,ב15 משאבה ש6 ח3,2,1,3,6
b1264,ב15 משאבה ש6 ח4,2,1,4,6
b1265,ב15 משאבה ש6 ח5,2,1,5,6
b1266,ב15 משאבה ש6 ח6,2,1,6,6
b1267,ב15 משאבה ש6 ח7,2,1,7,6
b1268,ב15 משאבה ש6 ח8,2,1,8,6
b1269,ב15 משאבה ש6 ח9,2,1,9,6
b1271,ב15 משאבה ש7 ח1,2,1,1,7
b1272,ב15 משאבה ש7 ח2,2,1,2,7
b1273,ב15 משאבה ש7 ח3,2,1,3,7
b1274,ב15 משאבה ש7 ח4,2,1,4,7
b1275,ב15 משאבה ש7 ח5,2,1,5,7
b1276,ב15 משאבה ש7 ח6,2,1,6,7
b1277,ב15 משאבה ש7 ח7,2,1,7,7
b1278,ב15 משאבה ש7 ח8,2,1,8,7
b1279,ב15 משאבה ש7 ח9,2,1,9,7
b1281,ב15 משאבה ש8 ח1,2,1,1,8
b1282,ב15 משאבה ש8 ח2,2,1,2,8
b1283,ב15 משאבה ש8 ח3,2,1,3,8
b1284,ב15 משאבה ש8 ח4,2,1,4,8
b1285,ב15 משאבה ש8 ח5,2,1,5,8
b1286,ב15 משאבה ש8 ח6,2,1,6,8
b1287,ב15 משאבה ש8 ח7,2,1,7,8
b1288,ב15 משאבה ש8 ח8,2,1,8,8
b1289,ב15 משאבה ש8 ח9,2,1,9,8
b1341,ב15 עדש ש4 ח1,3,1,1,4
b1342,ב15 עדש ש4 ח2,3,1,2,4
b1343,ב15 עדש ש4 ח3,3,1,3,4
b1344,ב15 עדש ש4 ח4,3,1,4,4
b1345,ב15 עדש ש4 ח5,3,1,5,4
b1346,ב15 עדש ש4 ח6,3,1,6,4
b1347,ב15 עדש ש4 ח7,3,1,7,4
b1348,ב15 עדש ש4 ח8,3,1,8,4
b1349,ב15 עדש ש4 ח9,3,1,9,4
b1351,ב15 עדש ש5 ח1,3,1,1,5
b1352,ב15 עדש ש5 ח2,3,1,2,5
b1353,ב15 עדש ש5 ח3,3,1,3,5
b1354,ב15 עדש ש5 ח4,3,1,4,5
b1355,ב15 עדש ש5 ח5,3,1,5,5
b1356,ב15 עדש ש5 ח6,3,1,6,5
b1357,ב15 עדש ש5 ח7,3,1,7,5
b1358,ב15 עדש ש5 ח8,3,1,8,5
b1359,ב15 עדש ש5 ח9,3,1,9,5
b1361,ב15 עדש ש6 ח1,3,1,1,6
b1362,ב15 עדש ש6 ח2,3,1,2,6
b1363,ב15 עדש ש6 ח3,3,1,3,6
b1364,ב15 עדש ש6 ח4,3,1,4,6
b1365,ב15 עדש ש6 ח5,3,1,5,6
b1366,ב15 עדש ש6 ח6,3,1,6,6
b1367,ב15 עדש ש6 ח7,3,1,7,6
b1368,ב15 עדש ש6 ח8,3,1,8,6
b1369,ב15 עדש ש6 ח9,3,1,9,6
b1371,ב15 עדש ש7 ח1,3,1,1,7
b1372,ב15 עדש ש7 ח2,3,1,2,7
b1373,ב15 עדש ש7 ח3,3,1,3,7
b1374,ב15 עדש ש7 ח4,3,1,4,7
b1375,ב15 עדש ש7 ח5,3,1,5,7
b1376,ב15 עדש ש7 ח6,3,1,6,7
b1377,ב15 עדש ש7 ח7,3,1,7,7
b1378,ב15 עדש ש7 ח8,3,1,8,7
b1379,ב15 עדש ש7 ח9,3,1,9,7
b1381,ב15 עדש ש8 ח1,3,1,1,8
b1382,ב15 עדש ש8 ח2,3,1,2,8
b1383,ב15 עדש ש8 ח3,3,1,3,8
b1384,ב15 עדש ש8 ח4,3,1,4,8
b1385,ב15 עדש ש8 ח5,3,1,5,8
b1386,ב15 עדש ש8 ח6,3,1,6,8
b1387,ב15 עדש ש8 ח7,3,1,7,8
b1388,ב15 עדש ש8 ח8,3,1,8,8
b1389,ב15 עדש ש8 ח9,3,1,9,8
b1441,ב15 ללפ ש4 ח1,4,1,1,4
b1442,ב15 ללפ ש4 ח2,4,1,2,4
b1443,ב15 ללפ ש4 ח3,4,1,3,4
b1444,ב15 ללפ ש4 ח4,4,1,4,4
b1445,ב15 ללפ ש4 ח5,4,1,5,4
b1446,ב15 ללפ ש4 ח6,4,1,6,4
b1447,ב15 ללפ ש4 ח7,4,1,7,4
b1448,ב15 ללפ ש4 ח8,4,1,8,4
b1449,ב15 ללפ ש4 ח9,4,1,9,4
b1451,ב15 ללפ ש5 ח1,4,1,1,5
b1452,ב15 ללפ ש5 ח2,4,1,2,5
b1453,ב15 ללפ ש5 ח3,4,1,3,5
b1454,ב15 ללפ ש5 ח4,4,1,4,5
b1455,ב15 ללפ ש5 ח5,4,1,5,5
b1456,ב15 ללפ ש5 ח6,4,1,6,5
b1457,ב15 ללפ ש5 ח7,4,1,7,5
b1458,ב15 ללפ ש5 ח8,4,1,8,5
b1459,ב15 ללפ ש5 ח9,4,1,9,5
b1461,ב15 ללפ ש6 ח1,4,1,1,6
b1462,ב15 ללפ ש6 ח2,4,1,2,6
b1463,ב15 ללפ ש6 ח3,4,1,3,6
b1464,ב15 ללפ ש6 ח4,4,1,4,6
b1465,ב15 ללפ ש6 ח5,4,1,5,6
b1466,ב15 ללפ ש6 ח6,4,1,6,6
b1467,ב15 ללפ ש6 ח7,4,1,7,6
b1468,ב15 ללפ ש6 ח8,4,1,8,6
b1469,ב15 ללפ ש6 ח9,4,1,9,6
b1471,ב15 ללפ ש7 ח1,4,1,1,7
b1472,ב15 ללפ ש7 ח2,4,1,2,7
b1473,ב15 ללפ ש7 ח3,4,1,3,7
b1474,ב15 ללפ ש7 ח4,4,1,4,7
b1475,ב15 ללפ ש7 ח5,4,1,5,7
b1476,ב15 ללפ ש7 ח6,4,1,6,7
b1477,ב15 ללפ ש7 ח7,4,1,7,7
b1478,ב15 ללפ ש7 ח8,4,1,8,7
b1479,ב15 ללפ ש7 ח9,4,1,9,7
b1481,ב15 ללפ ש8 ח1,4,1,1,8
b1482,ב15 ללפ ש8 ח2,4,1,2,8
b1483,ב15 ללפ ש8 ח3,4,1,3,8
b1484,ב15 ללפ ש8 ח4,4,1,4,8
b1485,ב15 ללפ ש8 ח5,4,1,5,8
b1486,ב15 ללפ ש8 ח6,4,1,6,8
b1487,ב15 ללפ ש8 ח7,4,1,7,8
b1488,ב15 ללפ ש8 ח8,4,1,8,8
b1489,ב15 ללפ ש8 ח9,4,1,9,8
b1541,ב15 מיקו ש4 ח1,5,1,1,4
b1542,ב15 מיקו ש4 ח2,5,1,2,4
b1543,ב15 מיקו ש4 ח3,5,1,3,4
b1544,ב15 מיקו ש4 ח4,5,1,4,4
b1545,ב15 מיקו ש4 ח5,5,1,5,4
b1546,ב15 מיקו ש4 ח6,5,1,6,4
b1547,ב15 מיקו ש4 ח7,5,1,7,4
b1548,ב15 מיקו ש4 ח8,5,1,8,4
b1549,ב15 מיקו ש4 ח9,5,1,9,4
b1551,ב15 מיקו ש5 ח1,5,1,1,5
b1552,ב15 מיקו ש5 ח2,5,1,2,5
b1553,ב15 מיקו ש5 ח3,5,1,3,5
b1554,ב15 מיקו ש5 ח4,5,1,4,5
b1555,ב15 מיקו ש5 ח5,5,1,5,5
b1556,ב15 מיקו ש5 ח6,5,1,6,5
b1557,ב15 מיקו ש5 ח7,5,1,7,5
b1558,ב15 מיקו ש5 ח8,5,1,8,5
b1559,ב15 מיקו ש5 ח9,5,1,9,5
b1561,ב15 מיקו ש6 ח1,5,1,1,6
b1562,ב15 מיקו ש6 ח2,5,1,2,6
b1563,ב15 מיקו ש6 ח3,5,1,3,6
b1564,ב15 מיקו ש6 ח4,5,1,4,6
b1565,ב15 מיקו ש6 ח5,5,1,5,6
b1566,ב15 מיקו ש6 ח6,5,1,6,6
b1567,ב15 מיקו ש6 ח7,5,1,7,6
b1568,ב15 מיקו ש6 ח8,5,1,8,6
b1569,ב15 מיקו ש6 ח9,5,1,9,6
b1571,ב15 מיקו ש7 ח1,5,1,1,7
b1572,ב15 מיקו ש7 ח2,5,1,2,7
b1573,ב15 מיקו ש7 ח3,5,1,3,7
b1574,ב15 מיקו ש7 ח4,5,1,4,7
b1575,ב15 מיקו ש7 ח5,5,1,5,7
b1576,ב15 מיקו ש7 ח6,5,1,6,7
b1577,ב15 מיקו ש7 ח7,5,1,7,7
b1578,ב15 מיקו ש7 ח8,5,1,8,7
b1579,ב15 מיקו ש7 ח9,5,1,9,7
b1581,ב15 מיקו ש8 ח1,5,1,1,8
b1582,ב15 מיקו ש8 ח2,5,1,2,8
b1583,ב15 מיקו ש8 ח3,5,1,3,8
b1584,ב15 מיקו ש8 ח4,5,1,4,8
b1585,ב15 מיקו ש8 ח5,5,1,5,8
b1586,ב15 מיקו ש8 ח6,5,1,6,8
b1587,ב15 מיקו ש8 ח7,5,1,7,8
b1588,ב15 מיקו ש8 ח8,5,1,8,8
b1589,ב15 מיקו ש8 ח9,5,1,9,8
b1641,ב15 סופר מיקו ש4 ח1,6,1,1,4
b1642,ב15 סופר מיקו ש4 ח2,6,1,2,4
b1643,ב15 סופר מיקו ש4 ח3,6,1,3,4
b1644,ב15 סופר מיקו ש4 ח4,6,1,4,4
b1645,ב15 סופר מיקו ש4 ח5,6,1,5,4
b1646,ב15 סופר מיקו ש4 ח6,6,1,6,4
b1647,ב15 סופר מיקו ש4 ח7,6,1,7,4
b1648,ב15 סופר מיקו ש4 ח8,6,1,8,4
b1649,ב15 סופר מיקו ש4 ח9,6,1,9,4
b1651,ב15 סופר מיקו ש5 ח1,6,1,1,5
b1652,ב15 סופר מיקו ש5 ח2,6,1,2,5
b1653,ב15 סופר מיקו ש5 ח3,6,1,3,5
b1654,ב15 סופר מיקו ש5 ח4,6,1,4,5
b1655,ב15 סופר מיקו ש5 ח5,6,1,5,5
b1656,ב15 סופר מיקו ש5 ח6,6,1,6,5
b1657,ב15 סופר מיקו ש5 ח7,6,1,7,5
b1658,ב15 סופר מיקו ש5 ח8,6,1,8,5
b1659,ב15 סופר מיקו ש5 ח9,6,1,9,5
b1661,ב15 סופר מיקו ש6 ח1,6,1,1,6
b1662,ב15 סופר מיקו ש6 ח2,6,1,2,6
b1663,ב15 סופר מיקו ש6 ח3,6,1,3,6
b1664,ב15 סופר מיקו ש6 ח4,6,1,4,6
b1665,ב15 סופר מיקו ש6 ח5,6,1,5,6
b1666,ב15 סופר מיקו ש6 ח6,6,1,6,6
b1667,ב15 סופר מיקו ש6 ח7,6,1,7,6
b1668,ב15 סופר מיקו ש6 ח8,6,1,8,6
b1669,ב15 סופר מיקו ש6 ח9,6,1,9,6
b1671,ב15 סופר מיקו ש7 ח1,6,1,1,7
b1672,ב15 סופר מיקו ש7 ח2,6,1,2,7
b1673,ב15 סופר מיקו ש7 ח3,6,1,3,7
b1674,ב15 סופר מיקו ש7 ח4,6,1,4,7
b1675,ב15 סופר מיקו ש7 ח5,6,1,5,7
b1676,ב15 סופר מיקו ש7 ח6,6,1,6,7
b1677,ב15 סופר מיקו ש7 ח7,6,1,7,7
b1678,ב15 סופר מיקו ש7 ח8,6,1,8,7
b1679,ב15 סופר מיקו ש7 ח9,6,1,9,7
b1681,ב15 סופר מיקו ש8 ח1,6,1,1,8
b1682,ב15 סופר מיקו ש8 ח2,6,1,2,8
b1683,ב15 סופר מיקו ש8 ח3,6,1,3,8
b1684,ב15 סופר מיקו ש8 ח4,6,1,4,8
b1685,ב15 סופר מיקו ש8 ח5,6,1,5,8
b1686,ב15 סופר מיקו ש8 ח6,6,1,6,8
b1687,ב15 סופר מיקו ש8 ח7,6,1,7,8
b1688,ב15 סופר מיקו ש8 ח8,6,1,8,8
b1689,ב15 סופר מיקו ש8 ח9,6,1,9,8
b2141,ב20 פוליה ש4 ח1,1,2,1,4
b2142,ב20 פוליה ש4 ח2,1,2,2,4
b2143,ב20 פוליה ש4 ח3,1,2,3,4
b2144,ב20 פוליה ש4 ח4,1,2,4,4
b2145,ב20 פוליה ש4 ח5,1,2,5,4
b2146,ב20 פוליה ש4 ח6,1,2,6,4
b2147,ב20 פוליה ש4 ח7,1,2,7,4
b2148,ב20 פוליה ש4 ח8,1,2,8,4
b2149,ב20 פוליה ש4 ח9,1,2,9,4
b2151,ב20 פוליה ש5 ח1,1,2,1,5
b2152,ב20 פוליה ש5 ח2,1,2,2,5
b2153,ב20 פוליה ש5 ח3,1,2,3,5
b2154,ב20 פוליה ש5 ח4,1,2,4,5
b2155,ב20 פוליה ש5 ח5,1,2,5,5
b2156,ב20 פוליה ש5 ח6,1,2,6,5
b2157,ב20 פוליה ש5 ח7,1,2,7,5
b2158,ב20 פוליה ש5 ח8,1,2,8,5
b2159,ב20 פוליה ש5 ח9,1,2,9,5
b2161,ב20 פוליה ש6 ח1,1,2,1,6
b2162,ב20 פוליה ש6 ח2,1,2,2,6
b2163,ב20 פוליה ש6 ח3,1,2,3,6
b2164,ב20 פוליה ש6 ח4,1,2,4,6
b2165,ב20 פוליה ש6 ח5,1,2,5,6
b2166,ב20 פוליה ש6 ח6,1,2,6,6
b2167,ב20 פוליה ש6 ח7,1,2,7,6
b2168,ב20 פוליה ש6 ח8,1,2,8,6
b2169,ב20 פוליה ש6 ח9,1,2,9,6
b2171,ב20 פוליה ש7 ח1,1,2,1,7
b2172,ב20 פוליה ש7 ח2,1,2,2,7
b2173,ב20 פוליה ש7 ח3,1,2,3,7
b2174,ב20 פוליה ש7 ח4,1,2,4,7
b2175,ב20 פוליה ש7 ח5,1,2,5,7
b2176,ב20 פוליה ש7 ח6,1,2,6,7
b2177,ב20 פוליה ש7 ח7,1,2,7,7
b2178,ב20 פוליה ש7 ח8,1,2,8,7
b2179,ב20 פוליה ש7 ח9,1,2,9,7
b2181,ב20 פוליה ש8 ח1,1,2,1,8
b2182,ב20 פוליה ש8 ח2,1,2,2,8
b2183,ב20 פוליה ש8 ח3,1,2,3,8
b2184,ב20 פוליה ש8 ח4,1,2,4,8
b2185,ב20 פוליה ש8 ח5,1,2,5,8
b2186,ב20 פוליה ש8 ח6,1,2,6,8
b2187,ב20 פוליה ש8 ח7,1,2,7,8
b2188,ב20 פוליה ש8 ח8,1,2,8,8
b2189,ב20 פוליה ש8 ח9,1,2,9,8
b2241,ב20 משאבה ש4 ח1,2,2,1,4
b2242,ב20 משאבה ש4 ח2,2,2,2,4
b2243,ב20 משאבה ש4 ח3,2,2,3,4
b2244,ב20 משאבה ש4 ח4,2,2,4,4
b2245,ב20 משאבה ש4 ח5,2,2,5,4
b2246,ב20 משאבה ש4 ח6,2,2,6,4
b2247,ב20 משאבה ש4 ח7,2,2,7,4
b2248,ב20 משאבה ש4 ח8,2,2,8,4
b2249,ב20 משאבה ש4 ח9,2,2,9,4
b2251,ב20 משאבה ש5 ח1,2,2,1,5
b2252,ב20 משאבה ש5 ח2,2,2,2,5
b2253,ב20 משאבה ש5 ח3,2,2,3,5
b2254,ב20 משאבה ש5 ח4,2,2,4,5
b2255,ב20 משאבה ש5 ח5,2,2,5,5
b2256,ב20 משאבה ש5 ח6,2,2,6,5
b2257,ב20 משאבה ש5 ח7,2,2,7,5
b2258,ב20 משאבה ש5 ח8,2,2,8,5
b2259,ב20 משאבה ש5 ח9,2,2,9,5
b2261,ב20 משאבה ש6 ח1,2,2,1,6
b2262,ב20 משאבה ש6 ח2,2,2,2,6
b2263,ב20 משאבה ש6 ח3,2,2,3,6
b2264,ב20 משאבה ש6 ח4,2,2,4,6
b2265,ב20 משאבה ש6 ח5,2,2,5,6
b2266,ב20 משאבה ש6 ח6,2,2,6,6
b2267,ב20 משאבה ש6 ח7,2,2,7,6
b2268,ב20 משאבה ש6 ח8,2,2,8,6
b2269,ב20 משאבה ש6 ח9,2,2,9,6
b2271,ב20 משאבה ש7 ח1,2,2,1,7
b2272,ב20 משאבה ש7 ח2,2,2,2,7
b2273,ב20 משאבה ש7 ח3,2,2,3,7
b2274,ב20 משאבה ש7 ח4,2,2,4,7
b2275,ב20 משאבה ש7 ח5,2,2,5,7
b2276,ב20 משאבה ש7 ח6,2,2,6,7
b2277,ב20 משאבה ש7 ח7,2,2,7,7
b2278,ב20 משאבה ש7 ח8,2,2,8,7
b2279,ב20 משאבה ש7 ח9,2,2,9,7
b2281,ב20 משאבה ש8 ח1,2,2,1,8
b2282,ב20 משאבה ש8 ח2,2,2,2,8
b2283,ב20 משאבה ש8 ח3,2,2,3,8
b2284,ב20 משאבה ש8 ח4,2,2,4,8
b2285,ב20 משאבה ש8 ח5,2,2,5,8
b2286,ב20 משאבה ש8 ח6,2,2,6,8
b2287,ב20 משאבה ש8 ח7,2,2,7,8
b2288,ב20 משאבה ש8 ח8,2,2,8,8
b2289,ב20 משאבה ש8 ח9,2,2,9,8
b2341,ב20 עדש ש4 ח1,3,2,1,4
b2342,ב20 עדש ש4 ח2,3,2,2,4
b2343,ב20 עדש ש4 ח3,3,2,3,4
b2344,ב20 עדש ש4 ח4,3,2,4,4
b2345,ב20 עדש ש4 ח5,3,2,5,4
b2346,ב20 עדש ש4 ח6,3,2,6,4
b2347,ב20 עדש ש4 ח7,3,2,7,4
b2348,ב20 עדש ש4 ח8,3,2,8,4
b2349,ב20 עדש ש4 ח9,3,2,9,4
b2351,ב20 עדש ש5 ח1,3,2,1,5
b2352,ב20 עדש ש5 ח2,3,2,2,5
b2353,ב20 עדש ש5 ח3,3,2,3,5
b2354,ב20 עדש ש5 ח4,3,2,4,5
b2355,ב20 עדש ש5 ח5,3,2,5,5
b2356,ב20 עדש ש5 ח6,3,2,6,5
b2357,ב20 עדש ש5 ח7,3,2,7,5
b2358,ב20 עדש ש5 ח8,3,2,8,5
b2359,ב20 עדש ש5 ח9,3,2,9,5
b2361,ב20 עדש ש6 ח1,3,2,1,6
b2362,ב20 עדש ש6 ח2,3,2,2,6
b2363,ב20 עדש ש6 ח3,3,2,3,6
b2364,ב20 עדש ש6 ח4,3,2,4,6
b2365,ב20 עדש ש6 ח5,3,2,5,6
b2366,ב20 עדש ש6 ח6,3,2,6,6
b2367,ב20 עדש ש6 ח7,3,2,7,6
b2368,ב20 עדש ש6 ח8,3,2,8,6
b2369,ב20 עדש ש6 ח9,3,2,9,6
b2371,ב20 עדש ש7 ח1,3,2,1,7
b2372,ב20 עדש ש7 ח2,3,2,2,7
b2373,ב20 עדש ש7 ח3,3,2,3,7
b2374,ב20 עדש ש7 ח4,3,2,4,7
b2375,ב20 עדש ש7 ח5,3,2,5,7
b2376,ב20 עדש ש7 ח6,3,2,6,7
b2377,ב20 עדש ש7 ח7,3,2,7,7
b2378,ב20 עדש ש7 ח8,3,2,8,7
b2379,ב20 עדש ש7 ח9,3,2,9,7
b2381,ב20 עדש ש8 ח1,3,2,1,8
b2382,ב20 עדש ש8 ח2,3,2,2,8
b2383,ב20 עדש ש8 ח3,3,2,3,8
b2384,ב20 עדש ש8 ח4,3,2,4,8
b2385,ב20 עדש ש8 ח5,3,2,5,8
b2386,ב20 עדש ש8 ח6,3,2,6,8
b2387,ב20 עדש ש8 ח7,3,2,7,8
b2388,ב20 עדש ש8 ח8,3,2,8,8
b2389,ב20 עדש ש8 ח9,3,2,9,8
b2441,ב20 ללפ ש4 ח1,4,2,1,4
b2442,ב20 ללפ ש4 ח2,4,2,2,4
b2443,ב20 ללפ ש4 ח3,4,2,3,4
b2444,ב20 ללפ ש4 ח4,4,2,4,4
b2445,ב20 ללפ ש4 ח5,4,2,5,4
b2446,ב20 ללפ ש4 ח6,4,2,6,4
b2447,ב20 ללפ ש4 ח7,4,2,7,4
b2448,ב20 ללפ ש4 ח8,4,2,8,4
b2449,ב20 ללפ ש4 ח9,4,2,9,4
b2451,ב20 ללפ ש5 ח1,4,2,1,5
b2452,ב20 ללפ ש5 ח2,4,2,2,5
b2453,ב20 ללפ ש5 ח3,4,2,3,5
b2454,ב20 ללפ ש5 ח4,4,2,4,5
b2455,ב20 ללפ ש5 ח5,4,2,5,5
b2456,ב20 ללפ ש5 ח6,4,2,6,5
b2457,ב20 ללפ ש5 ח7,4,2,7,5
b2458,ב20 ללפ ש5 ח8,4,2,8,5
b2459,ב20 ללפ ש5 ח9,4,2,9,5
b2461,ב20 ללפ ש6 ח1,4,2,1,6
b2462,ב20 ללפ ש6 ח2,4,2,2,6
b2463,ב20 ללפ ש6 ח3,4,2,3,6
b2464,ב20 ללפ ש6 ח4,4,2,4,6
b2465,ב20 ללפ ש6 ח5,4,2,5,6
b2466,ב20 ללפ ש6 ח6,4,2,6,6
b2467,ב20 ללפ ש6 ח7,4,2,7,6
b2468,ב20 ללפ ש6 ח8,4,2,8,6
b2469,ב20 ללפ ש6 ח9,4,2,9,6
b2471,ב20 ללפ ש7 ח1,4,2,1,7
b2472,ב20 ללפ ש7 ח2,4,2,2,7
b2473,ב20 ללפ ש7 ח3,4,2,3,7
b2474,ב20 ללפ ש7 ח4,4,2,4,7
b2475,ב20 ללפ ש7 ח5,4,2,5,7
b2476,ב20 ללפ ש7 ח6,4,2,6,7
b2477,ב20 ללפ ש7 ח7,4,2,7,7
b2478,ב20 ללפ ש7 ח8,4,2,8,7
b2479,ב20 ללפ ש7 ח9,4,2,9,7
b2481,ב20 ללפ ש8 ח1,4,2,1,8
b2482,ב20 ללפ ש8 ח2,4,2,2,8
b2483,ב20 ללפ ש8 ח3,4,2,3,8
b2484,ב20 ללפ ש8 ח4,4,2,4,8
b2485,ב20 ללפ ש8 ח5,4,2,5,8
b2486,ב20 ללפ ש8 ח6,4,2,6,8
b2487,ב20 ללפ ש8 ח7,4,2,7,8
b2488,ב20 ללפ ש8 ח8,4,2,8,8
b2489,ב20 ללפ ש8 ח9,4,2,9,8
b2541,ב20 מיקו ש4 ח1,5,2,1,4
b2542,ב20 מיקו ש4 ח2,5,2,2,4
b2543,ב20 מיקו ש4 ח3,5,2,3,4
b2544,ב20 מיקו ש4 ח4,5,2,4,4
b2545,ב20 מיקו ש4 ח5,5,2,5,4
b2546,ב20 מיקו ש4 ח6,5,2,6,4
b2547,ב20 מיקו ש4 ח7,5,2,7,4
b2548,ב20 מיקו ש4 ח8,5,2,8,4
b2549,ב20 מיקו ש4 ח9,5,2,9,4
b2551,ב20 מיקו ש5 ח1,5,2,1,5
b2552,ב20 מיקו ש5 ח2,5,2,2,5
b2553,ב20 מיקו ש5 ח3,5,2,3,5
b2554,ב20 מיקו ש5 ח4,5,2,4,5
b2555,ב20 מיקו ש5 ח5,5,2,5,5
b2556,ב20 מיקו ש5 ח6,5,2,6,5
b2557,ב20 מיקו ש5 ח7,5,2,7,5
b2558,ב20 מיקו ש5 ח8,5,2,8,5
b2559,ב20 מיקו ש5 ח9,5,2,9,5
b2561,ב20 מיקו ש6 ח1,5,2,1,6
b2562,ב20 מיקו ש6 ח2,5,2,2,6
b2563,ב20 מיקו ש6 ח3,5,2,3,6
b2564,ב20 מיקו ש6 ח4,5,2,4,6
b2565,ב20 מיקו ש6 ח5,5,2,5,6
b2566,ב20 מיקו ש6 ח6,5,2,6,6
b2567,ב20 מיקו ש6 ח7,5,2,7,6
b2568,ב20 מיקו ש6 ח8,5,2,8,6
b2569,ב20 מיקו ש6 ח9,5,2,9,6
b2571,ב20 מיקו ש7 ח1,5,2,1,7
b2572,ב20 מיקו ש7 ח2,5,2,2,7
b2573,ב20 מיקו ש7 ח3,5,2,3,7
b2574,ב20 מיקו ש7 ח4,5,2,4,7
b2575,ב20 מיקו ש7 ח5,5,2,5,7
b2576,ב20 מיקו ש7 ח6,5,2,6,7
b2577,ב20 מיקו ש7 ח7,5,2,7,7
b2578,ב20 מיקו ש7 ח8,5,2,8,7
b2579,ב20 מיקו ש7 ח9,5,2,9,7
b2581,ב20 מיקו ש8 ח1,5,2,1,8
b2582,ב20 מיקו ש8 ח2,5,2,2,8
b2583,ב20 מיקו ש8 ח3,5,2,3,8
b2584,ב20 מיקו ש8 ח4,5,2,4,8
b2585,ב20 מיקו ש8 ח5,5,2,5,8
b2586,ב20 מיקו ש8 ח6,5,2,6,8
b2587,ב20 מיקו ש8 ח7,5,2,7,8
b2588,ב20 מיקו ש8 ח8,5,2,8,8
b2589,ב20 מיקו ש8 ח9,5,2,9,8
b2641,ב20 סופר מיקו ש4 ח1,6,2,1,4
b2642,ב20 סופר מיקו ש4 ח2,6,2,2,4
b2643,ב20 סופר מיקו ש4 ח3,6,2,3,4
b2644,ב20 סופר מיקו ש4 ח4,6,2,4,4
b2645,ב20 סופר מיקו ש4 ח5,6,2,5,4
b2646,ב20 סופר מיקו ש4 ח6,6,2,6,4
b2647,ב20 סופר מיקו ש4 ח7,6,2,7,4
b2648,ב20 סופר מיקו ש4 ח8,6,2,8,4
b2649,ב20 סופר מיקו ש4 ח9,6,2,9,4
b2651,ב20 סופר מיקו ש5 ח1,6,2,1,5
b2652,ב20 סופר מיקו ש5 ח2,6,2,2,5
b2653,ב20 סופר מיקו ש5 ח3,6,2,3,5
b2654,ב20 סופר מיקו ש5 ח4,6,2,4,5
b2655,ב20 סופר מיקו ש5 ח5,6,2,5,5
b2656,ב20 סופר מיקו ש5 ח6,6,2,6,5
b2657,ב20 סופר מיקו ש5 ח7,6,2,7,5
b2658,ב20 סופר מיקו ש5 ח8,6,2,8,5
b2659,ב20 סופר מיקו ש5 ח9,6,2,9,5
b2661,ב20 סופר מיקו ש6 ח1,6,2,1,6
b2662,ב20 סופר מיקו ש6 ח2,6,2,2,6
b2663,ב20 סופר מיקו ש6 ח3,6,2,3,6
b2664,ב20 סופר מיקו ש6 ח4,6,2,4,6
b2665,ב20 סופר מיקו ש6 ח5,6,2,5,6
b2666,ב20 סופר מיקו ש6 ח6,6,2,6,6
b2667,ב20 סופר מיקו ש6 ח7,6,2,7,6
b2668,ב20 סופר מיקו ש6 ח8,6,2,8,6
b2669,ב20 סופר מיקו ש6 ח9,6,2,9,6
b2671,ב20 סופר מיקו ש7 ח1,6,2,1,7
b2672,ב20 סופר מיקו ש7 ח2,6,2,2,7
b2673,ב20 סופר מיקו ש7 ח3,6,2,3,7
b2674,ב20 סופר מיקו ש7 ח4,6,2,4,7
b2675,ב20 סופר מיקו ש7 ח5,6,2,5,7
b2676,ב20 סופר מיקו ש7 ח6,6,2,6,7
b2677,ב20 סופר מיקו ש7 ח7,6,2,7,7
b2678,ב20 סופר מיקו ש7 ח8,6,2,8,7
b2679,ב20 סופר מיקו ש7 ח9,6,2,9,7
b2681,ב20 סופר מיקו ש8 ח1,6,2,1,8
b2682,ב20 סופר מיקו ש8 ח2,6,2,2,8
b2683,ב20 סופר מיקו ש8 ח3,6,2,3,8
b2684,ב20 סופר מיקו ש8 ח4,6,2,4,8
b2685,ב20 סופר מיקו ש8 ח5,6,2,5,8
b2686,ב20 סופר מיקו ש8 ח6,6,2,6,8
b2687,ב20 סופר מיקו ש8 ח7,6,2,7,8
b2688,ב20 סופר מיקו ש8 ח8,6,2,8,8
b2689,ב20 סופר מיקו ש8 ח9,6,2,9,8
b3141,ב30 פוליה ש4 ח1,1,3,1,4
b3142,ב30 פוליה ש4 ח2,1,3,2,4
b3143,ב30 פוליה ש4 ח3,1,3,3,4
b3144,ב30 פוליה ש4 ח4,1,3,4,4
b3145,ב30 פוליה ש4 ח5,1,3,5,4
b3146,ב30 פוליה ש4 ח6,1,3,6,4
b3147,ב30 פוליה ש4 ח7,1,3,7,4
b3148,ב30 פוליה ש4 ח8,1,3,8,4
b3149,ב30 פוליה ש4 ח9,1,3,9,4
b3151,ב30 פוליה ש5 ח1,1,3,1,5
b3152,ב30 פוליה ש5 ח2,1,3,2,5
b3153,ב30 פוליה ש5 ח3,1,3,3,5
b3154,ב30 פוליה ש5 ח4,1,3,4,5
b3155,ב30 פוליה ש5 ח5,1,3,5,5
b3156,ב30 פוליה ש5 ח6,1,3,6,5
b3157,ב30 פוליה ש5 ח7,1,3,7,5
b3158,ב30 פוליה ש5 ח8,1,3,8,5
b3159,ב30 פוליה ש5 ח9,1,3,9,5
b3161,ב30 פוליה ש6 ח1,1,3,1,6
b3162,ב30 פוליה ש6 ח2,1,3,2,6
b3163,ב30 פוליה ש6 ח3,1,3,3,6
b3164,ב30 פוליה ש6 ח4,1,3,4,6
b3165,ב30 פוליה ש6 ח5,1,3,5,6
b3166,ב30 פוליה ש6 ח6,1,3,6,6
b3167,ב30 פוליה ש6 ח7,1,3,7,6
b3168,ב30 פוליה ש6 ח8,1,3,8,6
b3169,ב30 פוליה ש6 ח9,1,3,9,6
b3171,ב30 פוליה ש7 ח1,1,3,1,7
b3172,ב30 פוליה ש7 ח2,1,3,2,7
b3173,ב30 פוליה ש7 ח3,1,3,3,7
b3174,ב30 פוליה ש7 ח4,1,3,4,7
b3175,ב30 פוליה ש7 ח5,1,3,5,7
b3176,ב30 פוליה ש7 ח6,1,3,6,7
b3177,ב30 פוליה ש7 ח7,1,3,7,7
b3178,ב30 פוליה ש7 ח8,1,3,8,7
b3179,ב30 פוליה ש7 ח9,1,3,9,7
b3181,ב30 פוליה ש8 ח1,1,3,1,8
b3182,ב30 פוליה ש8 ח2,1,3,2,8
b3183,ב30 פוליה ש8 ח3,1,3,3,8
b3184,ב30 פוליה ש8 ח4,1,3,4,8
b3185,ב30 פוליה ש8 ח5,1,3,5,8
b3186,ב30 פוליה ש8 ח6,1,3,6,8
b3187,ב30 פוליה ש8 ח7,1,3,7,8
b3188,ב30 פוליה ש8 ח8,1,3,8,8
b3189,ב30 פוליה ש8 ח9,1,3,9,8
b3241,ב30 משאבה ש4 ח1,2,3,1,4
b3242,ב30 משאבה ש4 ח2,2,3,2,4
b3243,ב30 משאבה ש4 ח3,2,3,3,4
b3244,ב30 משאבה ש4 ח4,2,3,4,4
b3245,ב30 משאבה ש4 ח5,2,3,5,4
b3246,ב30 משאבה ש4 ח6,2,3,6,4
b3247,ב30 משאבה ש4 ח7,2,3,7,4
b3248,ב30 משאבה ש4 ח8,2,3,8,4
b3249,ב30 משאבה ש4 ח9,2,3,9,4
b3251,ב30 משאבה ש5 ח1,2,3,1,5
b3252,ב30 משאבה ש5 ח2,2,3,2,5
b3253,ב30 משאבה ש5 ח3,2,3,3,5
b3254,ב30 משאבה ש5 ח4,2,3,4,5
b3255,ב30 משאבה ש5 ח5,2,3,5,5
b3256,ב30 משאבה ש5 ח6,2,3,6,5
b3257,ב30 משאבה ש5 ח7,2,3,7,5
b3258,ב30 משאבה ש5 ח8,2,3,8,5
b3259,ב30 משאבה ש5 ח9,2,3,9,5
b3261,ב30 משאבה ש6 ח1,2,3,1,6
b3262,ב30 משאבה ש6 ח2,2,3,2,6
b3263,ב30 משאבה ש6 ח3,2,3,3,6
b3264,ב30 משאבה ש6 ח4,2,3,4,6
b3265,ב30 משאבה ש6 ח5,2,3,5,6
b3266,ב30 משאבה ש6 ח6,2,3,6,6
b3267,ב30 משאבה ש6 ח7,2,3,7,6
b3268,ב30 משאבה ש6 ח8,2,3,8,6
b3269,ב30 משאבה ש6 ח9,2,3,9,6
b3271,ב30 משאבה ש7 ח1,2,3,1,7
b3272,ב30 משאבה ש7 ח2,2,3,2,7
b3273,ב30 משאבה ש7 ח3,2,3,3,7
b3274,ב30 משאבה ש7 ח4,2,3,4,7
b3275,ב30 משאבה ש7 ח5,2,3,5,7
b3276,ב30 משאבה ש7 ח6,2,3,6,7
b3277,ב30 משאבה ש7 ח7,2,3,7,7
b3278,ב30 משאבה ש7 ח8,2,3,8,7
b3279,ב30 משאבה ש7 ח9,2,3,9,7
b3281,ב30 משאבה ש8 ח1,2,3,1,8
b3282,ב30 משאבה ש8 ח2,2,3,2,8
b3283,ב30 משאבה ש8 ח3,2,3,3,8
b3284,ב30 משאבה ש8 ח4,2,3,4,8
b3285,ב30 משאבה ש8 ח5,2,3,5,8
b3286,ב30 משאבה ש8 ח6,2,3,6,8
b3287,ב30 משאבה ש8 ח7,2,3,7,8
b3288,ב30 משאבה ש8 ח8,2,3,8,8
b3289,ב30 משאבה ש8 ח9,2,3,9,8
b3341,ב30 עדש ש4 ח1,3,3,1,4
b3342,ב30 עדש ש4 ח2,3,3,2,4
b3343,ב30 עדש ש4 ח3,3,3,3,4
b3344,ב30 עדש ש4 ח4,3,3,4,4
b3345,ב30 עדש ש4 ח5,3,3,5,4
b3346,ב30 עדש ש4 ח6,3,3,6,4
b3347,ב30 עדש ש4 ח7,3,3,7,4
b3348,ב30 עדש ש4 ח8,3,3,8,4
b3349,ב30 עדש ש4 ח9,3,3,9,4
b3351,ב30 עדש ש5 ח1,3,3,1,5
b3352,ב30 עדש ש5 ח2,3,3,2,5
b3353,ב30 עדש ש5 ח3,3,3,3,5
b3354,ב30 עדש ש5 ח4,3,3,4,5
b3355,ב30 עדש ש5 ח5,3,3,5,5
b3356,ב30 עדש ש5 ח6,3,3,6,5
b3357,ב30 עדש ש5 ח7,3,3,7,5
b3358,ב30 עדש ש5 ח8,3,3,8,5
b3359,ב30 עדש ש5 ח9,3,3,9,5
b3361,ב30 עדש ש6 ח1,3,3,1,6
b3362,ב30 עדש ש6 ח2,3,3,2,6
b3363,ב30 עדש ש6 ח3,3,3,3,6
b3364,ב30 עדש ש6 ח4,3,3,4,6
b3365,ב30 עדש ש6 ח5,3,3,5,6
b3366,ב30 עדש ש6 ח6,3,3,6,6
b3367,ב30 עדש ש6 ח7,3,3,7,6
b3368,ב30 עדש ש6 ח8,3,3,8,6
b3369,ב30 עדש ש6 ח9,3,3,9,6
b3371,ב30 עדש ש7 ח1,3,3,1,7
b3372,ב30 עדש ש7 ח2,3,3,2,7
b3373,ב30 עדש ש7 ח3,3,3,3,7
b3374,ב30 עדש ש7 ח4,3,3,4,7
b3375,ב30 עדש ש7 ח5,3,3,5,7
b3376,ב30 עדש ש7 ח6,3,3,6,7
b3377,ב30 עדש ש7 ח7,3,3,7,7
b3378,ב30 עדש ש7 ח8,3,3,8,7
b3379,ב30 עדש ש7 ח9,3,3,9,7
b3381,ב30 עדש ש8 ח1,3,3,1,8
b3382,ב30 עדש ש8 ח2,3,3,2,8
b3383,ב30 עדש ש8 ח3,3,3,3,8
b3384,ב30 עדש ש8 ח4,3,3,4,8
b3385,ב30 עדש ש8 ח5,3,3,5,8
b3386,ב30 עדש ש8 ח6,3,3,6,8
b3387,ב30 עדש ש8 ח7,3,3,7,8
b3388,ב30 עדש ש8 ח8,3,3,8,8
b3389,ב30 עדש ש8 ח9,3,3,9,8
b3441,ב30 ללפ ש4 ח1,4,3,1,4
b3442,ב30 ללפ ש4 ח2,4,3,2,4
b3443,ב30 ללפ ש4 ח3,4,3,3,4
b3444,ב30 ללפ ש4 ח4,4,3,4,4
b3445,ב30 ללפ ש4 ח5,4,3,5,4
b3446,ב30 ללפ ש4 ח6,4,3,6,4
b3447,ב30 ללפ ש4 ח7,4,3,7,4
b3448,ב30 ללפ ש4 ח8,4,3,8,4
b3449,ב30 ללפ ש4 ח9,4,3,9,4
b3451,ב30 ללפ ש5 ח1,4,3,1,5
b3452,ב30 ללפ ש5 ח2,4,3,2,5
b3453,ב30 ללפ ש5 ח3,4,3,3,5
b3454,ב30 ללפ ש5 ח4,4,3,4,5
b3455,ב30 ללפ ש5 ח5,4,3,5,5
b3456,ב30 ללפ ש5 ח6,4,3,6,5
b3457,ב30 ללפ ש5 ח7,4,3,7,5
b3458,ב30 ללפ ש5 ח8,4,3,8,5
b3459,ב30 ללפ ש5 ח9,4,3,9,5
b3461,ב30 ללפ ש6 ח1,4,3,1,6
b3462,ב30 ללפ ש6 ח2,4,3,2,6
b3463,ב30 ללפ ש6 ח3,4,3,3,6
b3464,ב30 ללפ ש6 ח4,4,3,4,6
b3465,ב30 ללפ ש6 ח5,4,3,5,6
b3466,ב30 ללפ ש6 ח6,4,3,6,6
b3467,ב30 ללפ ש6 ח7,4,3,7,6
b3468,ב30 ללפ ש6 ח8,4,3,8,6
b3469,ב30 ללפ ש6 ח9,4,3,9,6
b3471,ב30 ללפ ש7 ח1,4,3,1,7
b3472,ב30 ללפ ש7 ח2,4,3,2,7
b3473,ב30 ללפ ש7 ח3,4,3,3,7
b3474,ב30 ללפ ש7 ח4,4,3,4,7
b3475,ב30 ללפ ש7 ח5,4,3,5,7
b3476,ב30 ללפ ש7 ח6,4,3,6,7
b3477,ב30 ללפ ש7 ח7,4,3,7,7
b3478,ב30 ללפ ש7 ח8,4,3,8,7
b3479,ב30 ללפ ש7 ח9,4,3,9,7
b3481,ב30 ללפ ש8 ח1,4,3,1,8
b3482,ב30 ללפ ש8 ח2,4,3,2,8
b3483,ב30 ללפ ש8 ח3,4,3,3,8
b3484,ב30 ללפ ש8 ח4,4,3,4,8
b3485,ב30 ללפ ש8 ח5,4,3,5,8
b3486,ב30 ללפ ש8 ח6,4,3,6,8
b3487,ב30 ללפ ש8 ח7,4,3,7,8
b3488,ב30 ללפ ש8 ח8,4,3,8,8
b3489,ב30 ללפ ש8 ח9,4,3,9,8
b3541,ב30 מיקו ש4 ח1,5,3,1,4
b3542,ב30 מיקו ש4 ח2,5,3,2,4
b3543,ב30 מיקו ש4 ח3,5,3,3,4
b3544,ב30 מיקו ש4 ח4,5,3,4,4
b3545,ב30 מיקו ש4 ח5,5,3,5,4
b3546,ב30 מיקו ש4 ח6,5,3,6,4
b3547,ב30 מיקו ש4 ח7,5,3,7,4
b3548,ב30 מיקו ש4 ח8,5,3,8,4
b3549,ב30 מיקו ש4 ח9,5,3,9,4
b3551,ב30 מיקו ש5 ח1,5,3,1,5
b3552,ב30 מיקו ש5 ח2,5,3,2,5
b3553,ב30 מיקו ש5 ח3,5,3,3,5
b3554,ב30 מיקו ש5 ח4,5,3,4,5
b3555,ב30 מיקו ש5 ח5,5,3,5,5
b3556,ב30 מיקו ש5 ח6,5,3,6,5
b3557,ב30 מיקו ש5 ח7,5,3,7,5
b3558,ב30 מיקו ש5 ח8,5,3,8,5
b3559,ב30 מיקו ש5 ח9,5,3,9,5
b3561,ב30 מיקו ש6 ח1,5,3,1,6
b3562,ב30 מיקו ש6 ח2,5,3,2,6
b3563,ב30 מיקו ש6 ח3,5,3,3,6
b3564,ב30 מיקו ש6 ח4,5,3,4,6
b3565,ב30 מיקו ש6 ח5,5,3,5,6
b3566,ב30 מיקו ש6 ח6,5,3,6,6
b3567,ב30 מיקו ש6 ח7,5,3,7,6
b3568,ב30 מיקו ש6 ח8,5,3,8,6
b3569,ב30 מיקו ש6 ח9,5,3,9,6
b3571,ב30 מיקו ש7 ח1,5,3,1,7
b3572,ב30 מיקו ש7 ח2,5,3,2,7
b3573,ב30 מיקו ש7 ח3,5,3,3,7
b3574,ב30 מיקו ש7 ח4,5,3,4,7
b3575,ב30 מיקו ש7 ח5,5,3,5,7
b3576,ב30 מיקו ש7 ח6,5,3,6,7
b3577,ב30 מיקו ש7 ח7,5,3,7,7
b3578,ב30 מיקו ש7 ח8,5,3,8,7
b3579,ב30 מיקו ש7 ח9,5,3,9,7
b3581,ב30 מיקו ש8 ח1,5,3,1,8
b3582,ב30 מיקו ש8 ח2,5,3,2,8
b3583,ב30 מיקו ש8 ח3,5,3,3,8
b3584,ב30 מיקו ש8 ח4,5,3,4,8
b3585,ב30 מיקו ש8 ח5,5,3,5,8
b3586,ב30 מיקו ש8 ח6,5,3,6,8
b3587,ב30 מיקו ש8 ח7,5,3,7,8
b3588,ב30 מיקו ש8 ח8,5,3,8,8
b3589,ב30 מיקו ש8 ח9,5,3,9,8
b3641,ב30 סופר מיקו ש4 ח1,6,3,1,4
b3642,ב30 סופר מיקו ש4 ח2,6,3,2,4
b3643,ב30 סופר מיקו ש4 ח3,6,3,3,4
b3644,ב30 סופר מיקו ש4 ח4,6,3,4,4
b3645,ב30 סופר מיקו ש4 ח5,6,3,5,4
b3646,ב30 סופר מיקו ש4 ח6,6,3,6,4
b3647,ב30 סופר מיקו ש4 ח7,6,3,7,4
b3648,ב30 סופר מיקו ש4 ח8,6,3,8,4
b3649,ב30 סופר מיקו ש4 ח9,6,3,9,4
b3651,ב30 סופר מיקו ש5 ח1,6,3,1,5
b3652,ב30 סופר מיקו ש5 ח2,6,3,2,5
b3653,ב30 סופר מיקו ש5 ח3,6,3,3,5
b3654,ב30 סופר מיקו ש5 ח4,6,3,4,5
b3655,ב30 סופר מיקו ש5 ח5,6,3,5,5
b3656,ב30 סופר מיקו ש5 ח6,6,3,6,5
b3657,ב30 סופר מיקו ש5 ח7,6,3,7,5
b3658,ב30 סופר מיקו ש5 ח8,6,3,8,5
b3659,ב30 סופר מיקו ש5 ח9,6,3,9,5
b3661,ב30 סופר מיקו ש6 ח1,6,3,1,6
b3662,ב30 סופר מיקו ש6 ח2,6,3,2,6
b3663,ב30 סופר מיקו ש6 ח3,6,3,3,6
b3664,ב30 סופר מיקו ש6 ח4,6,3,4,6
b3665,ב30 סופר מיקו ש6 ח5,6,3,5,6
b3666,ב30 סופר מיקו ש6 ח6,6,3,6,6
b3667,ב30 סופר מיקו ש6 ח7,6,3,7,6
b3668,ב30 סופר מיקו ש6 ח8,6,3,8,6
b3669,ב30 סופר מיקו ש6 ח9,6,3,9,6
b3671,ב30 סופר מיקו ש7 ח1,6,3,1,7
b3672,ב30 סופר מיקו ש7 ח2,6,3,2,7
b3673,ב30 סופר מיקו ש7 ח3,6,3,3,7
b3674,ב30 סופר מיקו ש7 ח4,6,3,4,7
b3675,ב30 סופר מיקו ש7 ח5,6,3,5,7
b3676,ב30 סופר מיקו ש7 ח6,6,3,6,7
b3677,ב30 סופר מיקו ש7 ח7,6,3,7,7
b3678,ב30 סופר מיקו ש7 ח8,6,3,8,7
b3679,ב30 סופר מיקו ש7 ח9,6,3,9,7
b3681,ב30 סופר מיקו ש8 ח1,6,3,1,8
b3682,ב30 סופר מיקו ש8 ח2,6,3,2,8
b3683,ב30 סופר מיקו ש8 ח3,6,3,3,8
b3684,ב30 סופר מיקו ש8 ח4,6,3,4,8
b3685,ב30 סופר מיקו ש8 ח5,6,3,5,8
b3686,ב30 סופר מיקו ש8 ח6,6,3,6,8
b3687,ב30 סופר מיקו ש8 ח7,6,3,7,8
b3688,ב30 סופר מיקו ש8 ח8,6,3,8,8
b3689,ב30 סופר מיקו ש8 ח9,6,3,9,8
b4141,ב40 פוליה ש4 ח1,1,4,1,4
b4142,ב40 פוליה ש4 ח2,1,4,2,4
b4143,ב40 פוליה ש4 ח3,1,4,3,4
b4144,ב40 פוליה ש4 ח4,1,4,4,4
b4145,ב40 פוליה ש4 ח5,1,4,5,4
b4146,ב40 פוליה ש4 ח6,1,4,6,4
b4147,ב40 פוליה ש4 ח7,1,4,7,4
b4148,ב40 פוליה ש4 ח8,1,4,8,4
b4149,ב40 פוליה ש4 ח9,1,4,9,4
b4151,ב40 פוליה ש5 ח1,1,4,1,5
b4152,ב40 פוליה ש5 ח2,1,4,2,5
b4153,ב40 פוליה ש5 ח3,1,4,3,5
b4154,ב40 פוליה ש5 ח4,1,4,4,5
b4155,ב40 פוליה ש5 ח5,1,4,5,5
b4156,ב40 פוליה ש5 ח6,1,4,6,5
b4157,ב40 פוליה ש5 ח7,1,4,7,5
b4158,ב40 פוליה ש5 ח8,1,4,8,5
b4159,ב40 פוליה ש5 ח9,1,4,9,5
b4161,ב40 פוליה ש6 ח1,1,4,1,6
b4162,ב40 פוליה ש6 ח2,1,4,2,6
b4163,ב40 פוליה ש6 ח3,1,4,3,6
b4164,ב40 פוליה ש6 ח4,1,4,4,6
b4165,ב40 פוליה ש6 ח5,1,4,5,6
b4166,ב40 פוליה ש6 ח6,1,4,6,6
b4167,ב40 פוליה ש6 ח7,1,4,7,6
b4168,ב40 פוליה ש6 ח8,1,4,8,6
b4169,ב40 פוליה ש6 ח9,1,4,9,6
b4171,ב40 פוליה ש7 ח1,1,4,1,7
b4172,ב40 פוליה ש7 ח2,1,4,2,7
b4173,ב40 פוליה ש7 ח3,1,4,3,7
b4174,ב40 פוליה ש7 ח4,1,4,4,7
b4175,ב40 פוליה ש7 ח5,1,4,5,7
b4176,ב40 פוליה ש7 ח6,1,4,6,7
b4177,ב40 פוליה ש7 ח7,1,4,7,7
b4178,ב40 פוליה ש7 ח8,1,4,8,7
b4179,ב40 פוליה ש7 ח9,1,4,9,7
b4181,ב40 פוליה ש8 ח1,1,4,1,8
b4182,ב40 פוליה ש8 ח2,1,4,2,8
b4183,ב40 פוליה ש8 ח3,1,4,3,8
b4184,ב40 פוליה ש8 ח4,1,4,4,8
b4185,ב40 פוליה ש8 ח5,1,4,5,8
b4186,ב40 פוליה ש8 ח6,1,4,6,8
b4187,ב40 פוליה ש8 ח7,1,4,7,8
b4188,ב40 פוליה ש8 ח8,1,4,8,8
b4189,ב40 פוליה ש8 ח9,1,4,9,8
b4241,ב40 משאבה ש4 ח1,2,4,1,4
b4242,ב40 משאבה ש4 ח2,2,4,2,4
b4243,ב40 משאבה ש4 ח3,2,4,3,4
b4244,ב40 משאבה ש4 ח4,2,4,4,4
b4245,ב40 משאבה ש4 ח5,2,4,5,4
b4246,ב40 משאבה ש4 ח6,2,4,6,4
b4247,ב40 משאבה ש4 ח7,2,4,7,4
b4248,ב40 משאבה ש4 ח8,2,4,8,4
b4249,ב40 משאבה ש4 ח9,2,4,9,4
b4251,ב40 משאבה ש5 ח1,2,4,1,5
b4252,ב40 משאבה ש5 ח2,2,4,2,5
b4253,ב40 משאבה ש5 ח3,2,4,3,5
b4254,ב40 משאבה ש5 ח4,2,4,4,5
b4255,ב40 משאבה ש5 ח5,2,4,5,5
b4256,ב40 משאבה ש5 ח6,2,4,6,5
b4257,ב40 משאבה ש5 ח7,2,4,7,5
b4258,ב40 משאבה ש5 ח8,2,4,8,5
b4259,ב40 משאבה ש5 ח9,2,4,9,5
b4261,ב40 משאבה ש6 ח1,2,4,1,6
b4262,ב40 משאבה ש6 ח2,2,4,2,6
b4263,ב40 משאבה ש6 ח3,2,4,3,6
b4264,ב40 משאבה ש6 ח4,2,4,4,6
b4265,ב40 משאבה ש6 ח5,2,4,5,6
b4266,ב40 משאבה ש6 ח6,2,4,6,6
b4267,ב40 משאבה ש6 ח7,2,4,7,6
b4268,ב40 משאבה ש6 ח8,2,4,8,6
b4269,ב40 משאבה ש6 ח9,2,4,9,6
b4271,ב40 משאבה ש7 ח1,2,4,1,7
b4272,ב40 משאבה ש7 ח2,2,4,2,7
b4273,ב40 משאבה ש7 ח3,2,4,3,7
b4274,ב40 משאבה ש7 ח4,2,4,4,7
b4275,ב40 משאבה ש7 ח5,2,4,5,7
b4276,ב40 משאבה ש7 ח6,2,4,6,7
b4277,ב40 משאבה ש7 ח7,2,4,7,7
b4278,ב40 משאבה ש7 ח8,2,4,8,7
b4279,ב40 משאבה ש7 ח9,2,4,9,7
b4281,ב40 משאבה ש8 ח1,2,4,1,8
b4282,ב40 משאבה ש8 ח2,2,4,2,8
b4283,ב40 משאבה ש8 ח3,2,4,3,8
b4284,ב40 משאבה ש8 ח4,2,4,4,8
b4285,ב40 משאבה ש8 ח5,2,4,5,8
b4286,ב40 משאבה ש8 ח6,2,4,6,8
b4287,ב40 משאבה ש8 ח7,2,4,7,8
b4288,ב40 משאבה ש8 ח8,2,4,8,8
b4289,ב40 משאבה ש8 ח9,2,4,9,8
b4341,ב40 עדש ש4 ח1,3,4,1,4
b4342,ב40 עדש ש4 ח2,3,4,2,4
b4343,ב40 עדש ש4 ח3,3,4,3,4
b4344,ב40 עדש ש4 ח4,3,4,4,4
b4345,ב40 עדש ש4 ח5,3,4,5,4
b4346,ב40 עדש ש4 ח6,3,4,6,4
b4347,ב40 עדש ש4 ח7,3,4,7,4
b4348,ב40 עדש ש4 ח8,3,4,8,4
b4349,ב40 עדש ש4 ח9,3,4,9,4
b4351,ב40 עדש ש5 ח1,3,4,1,5
b4352,ב40 עדש ש5 ח2,3,4,2,5
b4353,ב40 עדש ש5 ח3,3,4,3,5
b4354,ב40 עדש ש5 ח4,3,4,4,5
b4355,ב40 עדש ש5 ח5,3,4,5,5
b4356,ב40 עדש ש5 ח6,3,4,6,5
b4357,ב40 עדש ש5 ח7,3,4,7,5
b4358,ב40 עדש ש5 ח8,3,4,8,5
b4359,ב40 עדש ש5 ח9,3,4,9,5
b4361,ב40 עדש ש6 ח1,3,4,1,6
b4362,ב40 עדש ש6 ח2,3,4,2,6
b4363,ב40 עדש ש6 ח3,3,4,3,6
b4364,ב40 עדש ש6 ח4,3,4,4,6
b4365,ב40 עדש ש6 ח5,3,4,5,6
b4366,ב40 עדש ש6 ח6,3,4,6,6
b4367,ב40 עדש ש6 ח7,3,4,7,6
b4368,ב40 עדש ש6 ח8,3,4,8,6
b4369,ב40 עדש ש6 ח9,3,4,9,6
b4371,ב40 עדש ש7 ח1,3,4,1,7
b4372,ב40 עדש ש7 ח2,3,4,2,7
b4373,ב40 עדש ש7 ח3,3,4,3,7
b4374,ב40 עדש ש7 ח4,3,4,4,7
b4375,ב40 עדש ש7 ח5,3,4,5,7
b4376,ב40 עדש ש7 ח6,3,4,6,7
b4377,ב40 עדש ש7 ח7,3,4,7,7
b4378,ב40 עדש ש7 ח8,3,4,8,7
b4379,ב40 עדש ש7 ח9,3,4,9,7
b4381,ב40 עדש ש8 ח1,3,4,1,8
b4382,ב40 עדש ש8 ח2,3,4,2,8
b4383,ב40 עדש ש8 ח3,3,4,3,8
b4384,ב40 עדש ש8 ח4,3,4,4,8
b4385,ב40 עדש ש8 ח5,3,4,5,8
b4386,ב40 עדש ש8 ח6,3,4,6,8
b4387,ב40 עדש ש8 ח7,3,4,7,8
b4388,ב40 עדש ש8 ח8,3,4,8,8
b4389,ב40 עדש ש8 ח9,3,4,9,8
b4441,ב40 ללפ ש4 ח1,4,4,1,4
b4442,ב40 ללפ ש4 ח2,4,4,2,4
b4443,ב40 ללפ ש4 ח3,4,4,3,4
b4444,ב40 ללפ ש4 ח4,4,4,4,4
b4445,ב40 ללפ ש4 ח5,4,4,5,4
b4446,ב40 ללפ ש4 ח6,4,4,6,4
b4447,ב40 ללפ ש4 ח7,4,4,7,4
b4448,ב40 ללפ ש4 ח8,4,4,8,4
b4449,ב40 ללפ ש4 ח9,4,4,9,4
b4451,ב40 ללפ ש5 ח1,4,4,1,5
b4452,ב40 ללפ ש5 ח2,4,4,2,5
b4453,ב40 ללפ ש5 ח3,4,4,3,5
b4454,ב40 ללפ ש5 ח4,4,4,4,5
b4455,ב40 ללפ ש5 ח5,4,4,5,5
b4456,ב40 ללפ ש5 ח6,4,4,6,5
b4457,ב40 ללפ ש5 ח7,4,4,7,5
b4458,ב40 ללפ ש5 ח8,4,4,8,5
b4459,ב40 ללפ ש5 ח9,4,4,9,5
b4461,ב40 ללפ ש6 ח1,4,4,1,6
b4462,ב40 ללפ ש6 ח2,4,4,2,6
b4463,ב40 ללפ ש6 ח3,4,4,3,6
b4464,ב40 ללפ ש6 ח4,4,4,4,6
b4465,ב40 ללפ ש6 ח5,4,4,5,6
b4466,ב40 ללפ ש6 ח6,4,4,6,6
b4467,ב40 ללפ ש6 ח7,4,4,7,6
b4468,ב40 ללפ ש6 ח8,4,4,8,6
b4469,ב40 ללפ ש6 ח9,4,4,9,6
b4471,ב40 ללפ ש7 ח1,4,4,1,7
b4472,ב40 ללפ ש7 ח2,4,4,2,7
b4473,ב40 ללפ ש7 ח3,4,4,3,7
b4474,ב40 ללפ ש7 ח4,4,4,4,7
b4475,ב40 ללפ ש7 ח5,4,4,5,7
b4476,ב40 ללפ ש7 ח6,4,4,6,7
b4477,ב40 ללפ ש7 ח7,4,4,7,7
b4478,ב40 ללפ ש7 ח8,4,4,8,7
b4479,ב40 ללפ ש7 ח9,4,4,9,7
b4481,ב40 ללפ ש8 ח1,4,4,1,8
b4482,ב40 ללפ ש8 ח2,4,4,2,8
b4483,ב40 ללפ ש8 ח3,4,4,3,8
b4484,ב40 ללפ ש8 ח4,4,4,4,8
b4485,ב40 ללפ ש8 ח5,4,4,5,8
b4486,ב40 ללפ ש8 ח6,4,4,6,8
b4487,ב40 ללפ ש8 ח7,4,4,7,8
b4488,ב40 ללפ ש8 ח8,4,4,8,8
b4489,ב40 ללפ ש8 ח9,4,4,9,8
b4541,ב40 מיקו ש4 ח1,5,4,1,4
b4542,ב40 מיקו ש4 ח2,5,4,2,4
b4543,ב40 מיקו ש4 ח3,5,4,3,4
b4544,ב40 מיקו ש4 ח4,5,4,4,4
b4545,ב40 מיקו ש4 ח5,5,4,5,4
b4546,ב40 מיקו ש4 ח6,5,4,6,4
b4547,ב40 מיקו ש4 ח7,5,4,7,4
b4548,ב40 מיקו ש4 ח8,5,4,8,4
b4549,ב40 מיקו ש4 ח9,5,4,9,4
b4551,ב40 מיקו ש5 ח1,5,4,1,5
b4552,ב40 מיקו ש5 ח2,5,4,2,5
b4553,ב40 מיקו ש5 ח3,5,4,3,5
b4554,ב40 מיקו ש5 ח4,5,4,4,5
b4555,ב40 מיקו ש5 ח5,5,4,5,5
b4556,ב40 מיקו ש5 ח6,5,4,6,5
b4557,ב40 מיקו ש5 ח7,5,4,7,5
b4558,ב40 מיקו ש5 ח8,5,4,8,5
b4559,ב40 מיקו ש5 ח9,5,4,9,5
b4561,ב40 מיקו ש6 ח1,5,4,1,6
b4562,ב40 מיקו ש6 ח2,5,4,2,6
b4563,ב40 מיקו ש6 ח3,5,4,3,6
b4564,ב40 מיקו ש6 ח4,5,4,4,6
b4565,ב40 מיקו ש6 ח5,5,4,5,6
b4566,ב40 מיקו ש6 ח6,5,4,6,6
b4567,ב40 מיקו ש6 ח7,5,4,7,6
b4568,ב40 מיקו ש6 ח8,5,4,8,6
b4569,ב40 מיקו ש6 ח9,5,4,9,6
b4571,ב40 מיקו ש7 ח1,5,4,1,7
b4572,ב40 מיקו ש7 ח2,5,4,2,7
b4573,ב40 מיקו ש7 ח3,5,4,3,7
b4574,ב40 מיקו ש7 ח4,5,4,4,7
b4575,ב40 מיקו ש7 ח5,5,4,5,7
b4576,ב40 מיקו ש7 ח6,5,4,6,7
b4577,ב40 מיקו ש7 ח7,5,4,7,7
b4578,ב40 מיקו ש7 ח8,5,4,8,7
b4579,ב40 מיקו ש7 ח9,5,4,9,7
b4581,ב40 מיקו ש8 ח1,5,4,1,8
b4582,ב40 מיקו ש8 ח2,5,4,2,8
b4583,ב40 מיקו ש8 ח3,5,4,3,8
b4584,ב40 מיקו ש8 ח4,5,4,4,8
b4585,ב40 מיקו ש8 ח5,5,4,5,8
b4586,ב40 מיקו ש8 ח6,5,4,6,8
b4587,ב40 מיקו ש8 ח7,5,4,7,8
b4588,ב40 מיקו ש8 ח8,5,4,8,8
b4589,ב40 מיקו ש8 ח9,5,4,9,8
b4641,ב40 סופר מיקו ש4 ח1,6,4,1,4
b4642,ב40 סופר מיקו ש4 ח2,6,4,2,4
b4643,ב40 סופר מיקו ש4 ח3,6,4,3,4
b4644,ב40 סופר מיקו ש4 ח4,6,4,4,4
b4645,ב40 סופר מיקו ש4 ח5,6,4,5,4
b4646,ב40 סופר מיקו ש4 ח6,6,4,6,4
b4647,ב40 סופר מיקו ש4 ח7,6,4,7,4
b4648,ב40 סופר מיקו ש4 ח8,6,4,8,4
b4649,ב40 סופר מיקו ש4 ח9,6,4,9,4
b4651,ב40 סופר מיקו ש5 ח1,6,4,1,5
b4652,ב40 סופר מיקו ש5 ח2,6,4,2,5
b4653,ב40 סופר מיקו ש5 ח3,6,4,3,5
b4654,ב40 סופר מיקו ש5 ח4,6,4,4,5
b4655,ב40 סופר מיקו ש5 ח5,6,4,5,5
b4656,ב40 סופר מיקו ש5 ח6,6,4,6,5
b4657,ב40 סופר מיקו ש5 ח7,6,4,7,5
b4658,ב40 סופר מיקו ש5 ח8,6,4,8,5
b4659,ב40 סופר מיקו ש5 ח9,6,4,9,5
b4661,ב40 סופר מיקו ש6 ח1,6,4,1,6
b4662,ב40 סופר מיקו ש6 ח2,6,4,2,6
b4663,ב40 סופר מיקו ש6 ח3,6,4,3,6
b4664,ב40 סופר מיקו ש6 ח4,6,4,4,6
b4665,ב40 סופר מיקו ש6 ח5,6,4,5,6
b4666,ב40 סופר מיקו ש6 ח6,6,4,6,6
b4667,ב40 סופר מיקו ש6 ח7,6,4,7,6
b4668,ב40 סופר מיקו ש6 ח8,6,4,8,6
b4669,ב40 סופר מיקו ש6 ח9,6,4,9,6
b4671,ב40 סופר מיקו ש7 ח1,6,4,1,7
b4672,ב40 סופר מיקו ש7 ח2,6,4,2,7
b4673,ב40 סופר מיקו ש7 ח3,6,4,3,7
b4674,ב40 סופר מיקו ש7 ח4,6,4,4,7
b4675,ב40 סופר מיקו ש7 ח5,6,4,5,7
b4676,ב40 סופר מיקו ש7 ח6,6,4,6,7
b4677,ב40 סופר מיקו ש7 ח7,6,4,7,7
b4678,ב40 סופר מיקו ש7 ח8,6,4,8,7
b4679,ב40 סופר מיקו ש7 ח9,6,4,9,7
b4681,ב40 סופר מיקו ש8 ח1,6,4,1,8
b4682,ב40 סופר מיקו ש8 ח2,6,4,2,8
b4683,ב40 סופר מיקו ש8 ח3,6,4,3,8
b4684,ב40 סופר מיקו ש8 ח4,6,4,4,8
b4685,ב40 סופר מיקו ש8 ח5,6,4,5,8
b4686,ב40 סופר מיקו ש8 ח6,6,4,6,8
b4687,ב40 סופר מיקו ש8 ח7,6,4,7,8
b4688,ב40 סופר מיקו ש8 ח8,6,4,8,8
b4689,ב40 סופר מיקו ש8 ח9,6,4,9,8
b5141,ב50 פוליה ש4 ח1,1,5,1,4
b5142,ב50 פוליה ש4 ח2,1,5,2,4
b5143,ב50 פוליה ש4 ח3,1,5,3,4
b5144,ב50 פוליה ש4 ח4,1,5,4,4
b5145,ב50 פוליה ש4 ח5,1,5,5,4
b5146,ב50 פוליה ש4 ח6,1,5,6,4
b5147,ב50 פוליה ש4 ח7,1,5,7,4
b5148,ב50 פוליה ש4 ח8,1,5,8,4
b5149,ב50 פוליה ש4 ח9,1,5,9,4
b5151,ב50 פוליה ש5 ח1,1,5,1,5
b5152,ב50 פוליה ש5 ח2,1,5,2,5
b5153,ב50 פוליה ש5 ח3,1,5,3,5
b5154,ב50 פוליה ש5 ח4,1,5,4,5
b5155,ב50 פוליה ש5 ח5,1,5,5,5
b5156,ב50 פוליה ש5 ח6,1,5,6,5
b5157,ב50 פוליה ש5 ח7,1,5,7,5
b5158,ב50 פוליה ש5 ח8,1,5,8,5
b5159,ב50 פוליה ש5 ח9,1,5,9,5
b5161,ב50 פוליה ש6 ח1,1,5,1,6
b5162,ב50 פוליה ש6 ח2,1,5,2,6
b5163,ב50 פוליה ש6 ח3,1,5,3,6
b5164,ב50 פוליה ש6 ח4,1,5,4,6
b5165,ב50 פוליה ש6 ח5,1,5,5,6
b5166,ב50 פוליה ש6 ח6,1,5,6,6
b5167,ב50 פוליה ש6 ח7,1,5,7,6
b5168,ב50 פוליה ש6 ח8,1,5,8,6
b5169,ב50 פוליה ש6 ח9,1,5,9,6
b5171,ב50 פוליה ש7 ח1,1,5,1,7
b5172,ב50 פוליה ש7 ח2,1,5,2,7
b5173,ב50 פוליה ש7 ח3,1,5,3,7
b5174,ב50 פוליה ש7 ח4,1,5,4,7
b5175,ב50 פוליה ש7 ח5,1,5,5,7
b5176,ב50 פוליה ש7 ח6,1,5,6,7
b5177,ב50 פוליה ש7 ח7,1,5,7,7
b5178,ב50 פוליה ש7 ח8,1,5,8,7
b5179,ב50 פוליה ש7 ח9,1,5,9,7
b5181,ב50 פוליה ש8 ח1,1,5,1,8
b5182,ב50 פוליה ש8 ח2,1,5,2,8
b5183,ב50 פוליה ש8 ח3,1,5,3,8
b5184,ב50 פוליה ש8 ח4,1,5,4,8
b5185,ב50 פוליה ש8 ח5,1,5,5,8
b5186,ב50 פוליה ש8 ח6,1,5,6,8
b5187,ב50 פוליה ש8 ח7,1,5,7,8
b5188,ב50 פוליה ש8 ח8,1,5,8,8
b5189,ב50 פוליה ש8 ח9,1,5,9,8
b5241,ב50 משאבה ש4 ח1,2,5,1,4
b5242,ב50 משאבה ש4 ח2,2,5,2,4
b5243,ב50 משאבה ש4 ח3,2,5,3,4
b5244,ב50 משאבה ש4 ח4,2,5,4,4
b5245,ב50 משאבה ש4 ח5,2,5,5,4
b5246,ב50 משאבה ש4 ח6,2,5,6,4
b5247,ב50 משאבה ש4 ח7,2,5,7,4
b5248,ב50 משאבה ש4 ח8,2,5,8,4
b5249,ב50 משאבה ש4 ח9,2,5,9,4
b5251,ב50 משאבה ש5 ח1,2,5,1,5
b5252,ב50 משאבה ש5 ח2,2,5,2,5
b5253,ב50 משאבה ש5 ח3,2,5,3,5
b5254,ב50 משאבה ש5 ח4,2,5,4,5
b5255,ב50 משאבה ש5 ח5,2,5,5,5
b5256,ב50 משאבה ש5 ח6,2,5,6,5
b5257,ב50 משאבה ש5 ח7,2,5,7,5
b5258,ב50 משאבה ש5 ח8,2,5,8,5
b5259,ב50 משאבה ש5 ח9,2,5,9,5
b5261,ב50 משאבה ש6 ח1,2,5,1,6
b5262,ב50 משאבה ש6 ח2,2,5,2,6
b5263,ב50 משאבה ש6 ח3,2,5,3,6
b5264,ב50 משאבה ש6 ח4,2,5,4,6
b5265,ב50 משאבה ש6 ח5,2,5,5,6
b5266,ב50 משאבה ש6 ח6,2,5,6,6
b5267,ב50 משאבה ש6 ח7,2,5,7,6
b5268,ב50 משאבה ש6 ח8,2,5,8,6
b5269,ב50 משאבה ש6 ח9,2,5,9,6
b5271,ב50 משאבה ש7 ח1,2,5,1,7
b5272,ב50 משאבה ש7 ח2,2,5,2,7
b5273,ב50 משאבה ש7 ח3,2,5,3,7
b5274,ב50 משאבה ש7 ח4,2,5,4,7
b5275,ב50 משאבה ש7 ח5,2,5,5,7
b5276,ב50 משאבה ש7 ח6,2,5,6,7
b5277,ב50 משאבה ש7 ח7,2,5,7,7
b5278,ב50 משאבה ש7 ח8,2,5,8,7
b5279,ב50 משאבה ש7 ח9,2,5,9,7
b5281,ב50 משאבה ש8 ח1,2,5,1,8
b5282,ב50 משאבה ש8 ח2,2,5,2,8
b5283,ב50 משאבה ש8 ח3,2,5,3,8
b5284,ב50 משאבה ש8 ח4,2,5,4,8
b5285,ב50 משאבה ש8 ח5,2,5,5,8
b5286,ב50 משאבה ש8 ח6,2,5,6,8
b5287,ב50 משאבה ש8 ח7,2,5,7,8
b5288,ב50 משאבה ש8 ח8,2,5,8,8
b5289,ב50 משאבה ש8 ח9,2,5,9,8
b5341,ב50 עדש ש4 ח1,3,5,1,4
b5342,ב50 עדש ש4 ח2,3,5,2,4
b5343,ב50 עדש ש4 ח3,3,5,3,4
b5344,ב50 עדש ש4 ח4,3,5,4,4
b5345,ב50 עדש ש4 ח5,3,5,5,4
b5346,ב50 עדש ש4 ח6,3,5,6,4
b5347,ב50 עדש ש4 ח7,3,5,7,4
b5348,ב50 עדש ש4 ח8,3,5,8,4
b5349,ב50 עדש ש4 ח9,3,5,9,4
b5351,ב50 עדש ש5 ח1,3,5,1,5
b5352,ב50 עדש ש5 ח2,3,5,2,5
b5353,ב50 עדש ש5 ח3,3,5,3,5
b5354,ב50 עדש ש5 ח4,3,5,4,5
b5355,ב50 עדש ש5 ח5,3,5,5,5
b5356,ב50 עדש ש5 ח6,3,5,6,5
b5357,ב50 עדש ש5 ח7,3,5,7,5
b5358,ב50 עדש ש5 ח8,3,5,8,5
b5359,ב50 עדש ש5 ח9,3,5,9,5
b5361,ב50 עדש ש6 ח1,3,5,1,6
b5362,ב50 עדש ש6 ח2,3,5,2,6
b5363,ב50 עדש ש6 ח3,3,5,3,6
b5364,ב50 עדש ש6 ח4,3,5,4,6
b5365,ב50 עדש ש6 ח5,3,5,5,6
b5366,ב50 עדש ש6 ח6,3,5,6,6
b5367,ב50 עדש ש6 ח7,3,5,7,6
b5368,ב50 עדש ש6 ח8,3,5,8,6
b5369,ב50 עדש ש6 ח9,3,5,9,6
b5371,ב50 עדש ש7 ח1,3,5,1,7
b5372,ב50 עדש ש7 ח2,3,5,2,7
b5373,ב50 עדש ש7 ח3,3,5,3,7
b5374,ב50 עדש ש7 ח4,3,5,4,7
b5375,ב50 עדש ש7 ח5,3,5,5,7
b5376,ב50 עדש ש7 ח6,3,5,6,7
b5377,ב50 עדש ש7 ח7,3,5,7,7
b5378,ב50 עדש ש7 ח8,3,5,8,7
b5379,ב50 עדש ש7 ח9,3,5,9,7
b5381,ב50 עדש ש8 ח1,3,5,1,8
b5382,ב50 עדש ש8 ח2,3,5,2,8
b5383,ב50 עדש ש8 ח3,3,5,3,8
b5384,ב50 עדש ש8 ח4,3,5,4,8
b5385,ב50 עדש ש8 ח5,3,5,5,8
b5386,ב50 עדש ש8 ח6,3,5,6,8
b5387,ב50 עדש ש8 ח7,3,5,7,8
b5388,ב50 עדש ש8 ח8,3,5,8,8
b5389,ב50 עדש ש8 ח9,3,5,9,8
b5441,ב50 ללפ ש4 ח1,4,5,1,4
b5442,ב50 ללפ ש4 ח2,4,5,2,4
b5443,ב50 ללפ ש4 ח3,4,5,3,4
b5444,ב50 ללפ ש4 ח4,4,5,4,4
b5445,ב50 ללפ ש4 ח5,4,5,5,4
b5446,ב50 ללפ ש4 ח6,4,5,6,4
b5447,ב50 ללפ ש4 ח7,4,5,7,4
b5448,ב50 ללפ ש4 ח8,4,5,8,4
b5449,ב50 ללפ ש4 ח9,4,5,9,4
b5451,ב50 ללפ ש5 ח1,4,5,1,5
b5452,ב50 ללפ ש5 ח2,4,5,2,5
b5453,ב50 ללפ ש5 ח3,4,5,3,5
b5454,ב50 ללפ ש5 ח4,4,5,4,5
b5455,ב50 ללפ ש5 ח5,4,5,5,5
b5456,ב50 ללפ ש5 ח6,4,5,6,5
b5457,ב50 ללפ ש5 ח7,4,5,7,5
b5458,ב50 ללפ ש5 ח8,4,5,8,5
b5459,ב50 ללפ ש5 ח9,4,5,9,5
b5461,ב50 ללפ ש6 ח1,4,5,1,6
b5462,ב50 ללפ ש6 ח2,4,5,2,6
b5463,ב50 ללפ ש6 ח3,4,5,3,6
b5464,ב50 ללפ ש6 ח4,4,5,4,6
b5465,ב50 ללפ ש6 ח5,4,5,5,6
b5466,ב50 ללפ ש6 ח6,4,5,6,6
b5467,ב50 ללפ ש6 ח7,4,5,7,6
b5468,ב50 ללפ ש6 ח8,4,5,8,6
b5469,ב50 ללפ ש6 ח9,4,5,9,6
b5471,ב50 ללפ ש7 ח1,4,5,1,7
b5472,ב50 ללפ ש7 ח2,4,5,2,7
b5473,ב50 ללפ ש7 ח3,4,5,3,7
b5474,ב50 ללפ ש7 ח4,4,5,4,7
b5475,ב50 ללפ ש7 ח5,4,5,5,7
b5476,ב50 ללפ ש7 ח6,4,5,6,7
b5477,ב50 ללפ ש7 ח7,4,5,7,7
b5478,ב50 ללפ ש7 ח8,4,5,8,7
b5479,ב50 ללפ ש7 ח9,4,5,9,7
b5481,ב50 ללפ ש8 ח1,4,5,1,8
b5482,ב50 ללפ ש8 ח2,4,5,2,8
b5483,ב50 ללפ ש8 ח3,4,5,3,8
b5484,ב50 ללפ ש8 ח4,4,5,4,8
b5485,ב50 ללפ ש8 ח5,4,5,5,8
b5486,ב50 ללפ ש8 ח6,4,5,6,8
b5487,ב50 ללפ ש8 ח7,4,5,7,8
b5488,ב50 ללפ ש8 ח8,4,5,8,8
b5489,ב50 ללפ ש8 ח9,4,5,9,8
b5541,ב50 מיקו ש4 ח1,5,5,1,4
b5542,ב50 מיקו ש4 ח2,5,5,2,4
b5543,ב50 מיקו ש4 ח3,5,5,3,4
b5544,ב50 מיקו ש4 ח4,5,5,4,4
b5545,ב50 מיקו ש4 ח5,5,5,5,4
b5546,ב50 מיקו ש4 ח6,5,5,6,4
b5547,ב50 מיקו ש4 ח7,5,5,7,4
b5548,ב50 מיקו ש4 ח8,5,5,8,4
b5549,ב50 מיקו ש4 ח9,5,5,9,4
b5551,ב50 מיקו ש5 ח1,5,5,1,5
b5552,ב50 מיקו ש5 ח2,5,5,2,5
b5553,ב50 מיקו ש5 ח3,5,5,3,5
b5554,ב50 מיקו ש5 ח4,5,5,4,5
b5555,ב50 מיקו ש5 ח5,5,5,5,5
b5556,ב50 מיקו ש5 ח6,5,5,6,5
b5557,ב50 מיקו ש5 ח7,5,5,7,5
b5558,ב50 מיקו ש5 ח8,5,5,8,5
b5559,ב50 מיקו ש5 ח9,5,5,9,5
b5561,ב50 מיקו ש6 ח1,5,5,1,6
b5562,ב50 מיקו ש6 ח2,5,5,2,6
b5563,ב50 מיקו ש6 ח3,5,5,3,6
b5564,ב50 מיקו ש6 ח4,5,5,4,6
b5565,ב50 מיקו ש6 ח5,5,5,5,6
b5566,ב50 מיקו ש6 ח6,5,5,6,6
b5567,ב50 מיקו ש6 ח7,5,5,7,6
b5568,ב50 מיקו ש6 ח8,5,5,8,6
b5569,ב50 מיקו ש6 ח9,5,5,9,6
b5571,ב50 מיקו ש7 ח1,5,5,1,7
b5572,ב50 מיקו ש7 ח2,5,5,2,7
b5573,ב50 מיקו ש7 ח3,5,5,3,7
b5574,ב50 מיקו ש7 ח4,5,5,4,7
b5575,ב50 מיקו ש7 ח5,5,5,5,7
b5576,ב50 מיקו ש7 ח6,5,5,6,7
b5577,ב50 מיקו ש7 ח7,5,5,7,7
b5578,ב50 מיקו ש7 ח8,5,5,8,7
b5579,ב50 מיקו ש7 ח9,5,5,9,7
b5581,ב50 מיקו ש8 ח1,5,5,1,8
b5582,ב50 מיקו ש8 ח2,5,5,2,8
b5583,ב50 מיקו ש8 ח3,5,5,3,8
b5584,ב50 מיקו ש8 ח4,5,5,4,8
b5585,ב50 מיקו ש8 ח5,5,5,5,8
b5586,ב50 מיקו ש8 ח6,5,5,6,8
b5587,ב50 מיקו ש8 ח7,5,5,7,8
b5588,ב50 מיקו ש8 ח8,5,5,8,8
b5589,ב50 מיקו ש8 ח9,5,5,9,8
b5641,ב50 סופר מיקו ש4 ח1,6,5,1,4
b5642,ב50 סופר מיקו ש4 ח2,6,5,2,4
b5643,ב50 סופר מיקו ש4 ח3,6,5,3,4
b5644,ב50 סופר מיקו ש4 ח4,6,5,4,4
b5645,ב50 סופר מיקו ש4 ח5,6,5,5,4
b5646,ב50 סופר מיקו ש4 ח6,6,5,6,4
b5647,ב50 סופר מיקו ש4 ח7,6,5,7,4
b5648,ב50 סופר מיקו ש4 ח8,6,5,8,4
b5649,ב50 סופר מיקו ש4 ח9,6,5,9,4
b5651,ב50 סופר מיקו ש5 ח1,6,5,1,5
b5652,ב50 סופר מיקו ש5 ח2,6,5,2,5
b5653,ב50 סופר מיקו ש5 ח3,6,5,3,5
b5654,ב50 סופר מיקו ש5 ח4,6,5,4,5
b5655,ב50 סופר מיקו ש5 ח5,6,5,5,5
b5656,ב50 סופר מיקו ש5 ח6,6,5,6,5
b5657,ב50 סופר מיקו ש5 ח7,6,5,7,5
b5658,ב50 סופר מיקו ש5 ח8,6,5,8,5
b5659,ב50 סופר מיקו ש5 ח9,6,5,9,5
b5661,ב50 סופר מיקו ש6 ח1,6,5,1,6
b5662,ב50 סופר מיקו ש6 ח2,6,5,2,6
b5663,ב50 סופר מיקו ש6 ח3,6,5,3,6
b5664,ב50 סופר מיקו ש6 ח4,6,5,4,6
b5665,ב50 סופר מיקו ש6 ח5,6,5,5,6
b5666,ב50 סופר מיקו ש6 ח6,6,5,6,6
b5667,ב50 סופר מיקו ש6 ח7,6,5,7,6
b5668,ב50 סופר מיקו ש6 ח8,6,5,8,6
b5669,ב50 סופר מיקו ש6 ח9,6,5,9,6
b5671,ב50 סופר מיקו ש7 ח1,6,5,1,7
b5672,ב50 סופר מיקו ש7 ח2,6,5,2,7
b5673,ב50 סופר מיקו ש7 ח3,6,5,3,7
b5674,ב50 סופר מיקו ש7 ח4,6,5,4,7
b5675,ב50 סופר מיקו ש7 ח5,6,5,5,7
b5676,ב50 סופר מיקו ש7 ח6,6,5,6,7
b5677,ב50 סופר מיקו ש7 ח7,6,5,7,7
b5678,ב50 סופר מיקו ש7 ח8,6,5,8,7
b5679,ב50 סופר מיקו ש7 ח9,6,5,9,7
b5681,ב50 סופר מיקו ש8 ח1,6,5,1,8
b5682,ב50 סופר מיקו ש8 ח2,6,5,2,8
b5683,ב50 סופר מיקו ש8 ח3,6,5,3,8
b5684,ב50 סופר מיקו ש8 ח4,6,5,4,8
b5685,ב50 סופר מיקו ש8 ח5,6,5,5,8
b5686,ב50 סופר מיקו ש8 ח6,6,5,6,8
b5687,ב50 סופר מיקו ש8 ח7,6,5,7,8
b5688,ב50 סופר מיקו ש8 ח8,6,5,8,8
b5689,ב50 סופר מיקו ש8 ח9,6,5,9,8
b6141,ב60 פוליה ש4 ח1,1,6,1,4
b6142,ב60 פוליה ש4 ח2,1,6,2,4
b6143,ב60 פוליה ש4 ח3,1,6,3,4
b6144,ב60 פוליה ש4 ח4,1,6,4,4
b6145,ב60 פוליה ש4 ח5,1,6,5,4
b6146,ב60 פוליה ש4 ח6,1,6,6,4
b6147,ב60 פוליה ש4 ח7,1,6,7,4
b6148,ב60 פוליה ש4 ח8,1,6,8,4
b6149,ב60 פוליה ש4 ח9,1,6,9,4
b6151,ב60 פוליה ש5 ח1,1,6,1,5
b6152,ב60 פוליה ש5 ח2,1,6,2,5
b6153,ב60 פוליה ש5 ח3,1,6,3,5
b6154,ב60 פוליה ש5 ח4,1,6,4,5
b6155,ב60 פוליה ש5 ח5,1,6,5,5
b6156,ב60 פוליה ש5 ח6,1,6,6,5
b6157,ב60 פוליה ש5 ח7,1,6,7,5
b6158,ב60 פוליה ש5 ח8,1,6,8,5
b6159,ב60 פוליה ש5 ח9,1,6,9,5
b6161,ב60 פוליה ש6 ח1,1,6,1,6
b6162,ב60 פוליה ש6 ח2,1,6,2,6
b6163,ב60 פוליה ש6 ח3,1,6,3,6
b6164,ב60 פוליה ש6 ח4,1,6,4,6
b6165,ב60 פוליה ש6 ח5,1,6,5,6
b6166,ב60 פוליה ש6 ח6,1,6,6,6
b6167,ב60 פוליה ש6 ח7,1,6,7,6
b6168,ב60 פוליה ש6 ח8,1,6,8,6
b6169,ב60 פוליה ש6 ח9,1,6,9,6
b6171,ב60 פוליה ש7 ח1,1,6,1,7
b6172,ב60 פוליה ש7 ח2,1,6,2,7
b6173,ב60 פוליה ש7 ח3,1,6,3,7
b6174,ב60 פוליה ש7 ח4,1,6,4,7
b6175,ב60 פוליה ש7 ח5,1,6,5,7
b6176,ב60 פוליה ש7 ח6,1,6,6,7
b6177,ב60 פוליה ש7 ח7,1,6,7,7
b6178,ב60 פוליה ש7 ח8,1,6,8,7
b6179,ב60 פוליה ש7 ח9,1,6,9,7
b6181,ב60 פוליה ש8 ח1,1,6,1,8
b6182,ב60 פוליה ש8 ח2,1,6,2,8
b6183,ב60 פוליה ש8 ח3,1,6,3,8
b6184,ב60 פוליה ש8 ח4,1,6,4,8
b6185,ב60 פוליה ש8 ח5,1,6,5,8
b6186,ב60 פוליה ש8 ח6,1,6,6,8
b6187,ב60 פוליה ש8 ח7,1,6,7,8
b6188,ב60 פוליה ש8 ח8,1,6,8,8
b6189,ב60 פוליה ש8 ח9,1,6,9,8
b6241,ב60 משאבה ש4 ח1,2,6,1,4
b6242,ב60 משאבה ש4 ח2,2,6,2,4
b6243,ב60 משאבה ש4 ח3,2,6,3,4
b6244,ב60 משאבה ש4 ח4,2,6,4,4
b6245,ב60 משאבה ש4 ח5,2,6,5,4
b6246,ב60 משאבה ש4 ח6,2,6,6,4
b6247,ב60 משאבה ש4 ח7,2,6,7,4
b6248,ב60 משאבה ש4 ח8,2,6,8,4
b6249,ב60 משאבה ש4 ח9,2,6,9,4
b6251,ב60 משאבה ש5 ח1,2,6,1,5
b6252,ב60 משאבה ש5 ח2,2,6,2,5
b6253,ב60 משאבה ש5 ח3,2,6,3,5
b6254,ב60 משאבה ש5 ח4,2,6,4,5
b6255,ב60 משאבה ש5 ח5,2,6,5,5
b6256,ב60 משאבה ש5 ח6,2,6,6,5
b6257,ב60 משאבה ש5 ח7,2,6,7,5
b6258,ב60 משאבה ש5 ח8,2,6,8,5
b6259,ב60 משאבה ש5 ח9,2,6,9,5
b6261,ב60 משאבה ש6 ח1,2,6,1,6
b6262,ב60 משאבה ש6 ח2,2,6,2,6
b6263,ב60 משאבה ש6 ח3,2,6,3,6
b6264,ב60 משאבה ש6 ח4,2,6,4,6
b6265,ב60 משאבה ש6 ח5,2,6,5,6
b6266,ב60 משאבה ש6 ח6,2,6,6,6
b6267,ב60 משאבה ש6 ח7,2,6,7,6
b6268,ב60 משאבה ש6 ח8,2,6,8,6
b6269,ב60 משאבה ש6 ח9,2,6,9,6
b6271,ב60 משאבה ש7 ח1,2,6,1,7
b6272,ב60 משאבה ש7 ח2,2,6,2,7
b6273,ב60 משאבה ש7 ח3,2,6,3,7
b6274,ב60 משאבה ש7 ח4,2,6,4,7
b6275,ב60 משאבה ש7 ח5,2,6,5,7
b6276,ב60 משאבה ש7 ח6,2,6,6,7
b6277,ב60 משאבה ש7 ח7,2,6,7,7
b6278,ב60 משאבה ש7 ח8,2,6,8,7
b6279,ב60 משאבה ש7 ח9,2,6,9,7
b6281,ב60 משאבה ש8 ח1,2,6,1,8
b6282,ב60 משאבה ש8 ח2,2,6,2,8
b6283,ב60 משאבה ש8 ח3,2,6,3,8
b6284,ב60 משאבה ש8 ח4,2,6,4,8
b6285,ב60 משאבה ש8 ח5,2,6,5,8
b6286,ב60 משאבה ש8 ח6,2,6,6,8
b6287,ב60 משאבה ש8 ח7,2,6,7,8
b6288,ב60 משאבה ש8 ח8,2,6,8,8
b6289,ב60 משאבה ש8 ח9,2,6,9,8
b6341,ב60 עדש ש4 ח1,3,6,1,4
b6342,ב60 עדש ש4 ח2,3,6,2,4
b6343,ב60 עדש ש4 ח3,3,6,3,4
b6344,ב60 עדש ש4 ח4,3,6,4,4
b6345,ב60 עדש ש4 ח5,3,6,5,4
b6346,ב60 עדש ש4 ח6,3,6,6,4
b6347,ב60 עדש ש4 ח7,3,6,7,4
b6348,ב60 עדש ש4 ח8,3,6,8,4
b6349,ב60 עדש ש4 ח9,3,6,9,4
b6351,ב60 עדש ש5 ח1,3,6,1,5
b6352,ב60 עדש ש5 ח2,3,6,2,5
b6353,ב60 עדש ש5 ח3,3,6,3,5
b6354,ב60 עדש ש5 ח4,3,6,4,5
b6355,ב60 עדש ש5 ח5,3,6,5,5
b6356,ב60 עדש ש5 ח6,3,6,6,5
b6357,ב60 עדש ש5 ח7,3,6,7,5
b6358,ב60 עדש ש5 ח8,3,6,8,5
b6359,ב60 עדש ש5 ח9,3,6,9,5
b6361,ב60 עדש ש6 ח1,3,6,1,6
b6362,ב60 עדש ש6 ח2,3,6,2,6
b6363,ב60 עדש ש6 ח3,3,6,3,6
b6364,ב60 עדש ש6 ח4,3,6,4,6
b6365,ב60 עדש ש6 ח5,3,6,5,6
b6366,ב60 עדש ש6 ח6,3,6,6,6
b6367,ב60 עדש ש6 ח7,3,6,7,6
b6368,ב60 עדש ש6 ח8,3,6,8,6
b6369,ב60 עדש ש6 ח9,3,6,9,6
b6371,ב60 עדש ש7 ח1,3,6,1,7
b6372,ב60 עדש ש7 ח2,3,6,2,7
b6373,ב60 עדש ש7 ח3,3,6,3,7
b6374,ב60 עדש ש7 ח4,3,6,4,7
b6375,ב60 עדש ש7 ח5,3,6,5,7
b6376,ב60 עדש ש7 ח6,3,6,6,7
b6377,ב60 עדש ש7 ח7,3,6,7,7
b6378,ב60 עדש ש7 ח8,3,6,8,7
b6379,ב60 עדש ש7 ח9,3,6,9,7
b6381,ב60 עדש ש8 ח1,3,6,1,8
b6382,ב60 עדש ש8 ח2,3,6,2,8
b6383,ב60 עדש ש8 ח3,3,6,3,8
b6384,ב60 עדש ש8 ח4,3,6,4,8
b6385,ב60 עדש ש8 ח5,3,6,5,8
b6386,ב60 עדש ש8 ח6,3,6,6,8
b6387,ב60 עדש ש8 ח7,3,6,7,8
b6388,ב60 עדש ש8 ח8,3,6,8,8
b6389,ב60 עדש ש8 ח9,3,6,9,8
b6441,ב60 ללפ ש4 ח1,4,6,1,4
b6442,ב60 ללפ ש4 ח2,4,6,2,4
b6443,ב60 ללפ ש4 ח3,4,6,3,4
b6444,ב60 ללפ ש4 ח4,4,6,4,4
b6445,ב60 ללפ ש4 ח5,4,6,5,4
b6446,ב60 ללפ ש4 ח6,4,6,6,4
b6447,ב60 ללפ ש4 ח7,4,6,7,4
b6448,ב60 ללפ ש4 ח8,4,6,8,4
b6449,ב60 ללפ ש4 ח9,4,6,9,4
b6451,ב60 ללפ ש5 ח1,4,6,1,5
b6452,ב60 ללפ ש5 ח2,4,6,2,5
b6453,ב60 ללפ ש5 ח3,4,6,3,5
b6454,ב60 ללפ ש5 ח4,4,6,4,5
b6455,ב60 ללפ ש5 ח5,4,6,5,5
b6456,ב60 ללפ ש5 ח6,4,6,6,5
b6457,ב60 ללפ ש5 ח7,4,6,7,5
b6458,ב60 ללפ ש5 ח8,4,6,8,5
b6459,ב60 ללפ ש5 ח9,4,6,9,5
b6461,ב60 ללפ ש6 ח1,4,6,1,6
b6462,ב60 ללפ ש6 ח2,4,6,2,6
b6463,ב60 ללפ ש6 ח3,4,6,3,6
b6464,ב60 ללפ ש6 ח4,4,6,4,6
b6465,ב60 ללפ ש6 ח5,4,6,5,6
b6466,ב60 ללפ ש6 ח6,4,6,6,6
b6467,ב60 ללפ ש6 ח7,4,6,7,6
b6468,ב60 ללפ ש6 ח8,4,6,8,6
b6469,ב60 ללפ ש6 ח9,4,6,9,6
b6471,ב60 ללפ ש7 ח1,4,6,1,7
b6472,ב60 ללפ ש7 ח2,4,6,2,7
b6473,ב60 ללפ ש7 ח3,4,6,3,7
b6474,ב60 ללפ ש7 ח4,4,6,4,7
b6475,ב60 ללפ ש7 ח5,4,6,5,7
b6476,ב60 ללפ ש7 ח6,4,6,6,7
b6477,ב60 ללפ ש7 ח7,4,6,7,7
b6478,ב60 ללפ ש7 ח8,4,6,8,7
b6479,ב60 ללפ ש7 ח9,4,6,9,7
b6481,ב60 ללפ ש8 ח1,4,6,1,8
b6482,ב60 ללפ ש8 ח2,4,6,2,8
b6483,ב60 ללפ ש8 ח3,4,6,3,8
b6484,ב60 ללפ ש8 ח4,4,6,4,8
b6485,ב60 ללפ ש8 ח5,4,6,5,8
b6486,ב60 ללפ ש8 ח6,4,6,6,8
b6487,ב60 ללפ ש8 ח7,4,6,7,8
b6488,ב60 ללפ ש8 ח8,4,6,8,8
b6489,ב60 ללפ ש8 ח9,4,6,9,8
b6541,ב60 מיקו ש4 ח1,5,6,1,4
b6542,ב60 מיקו ש4 ח2,5,6,2,4
b6543,ב60 מיקו ש4 ח3,5,6,3,4
b6544,ב60 מיקו ש4 ח4,5,6,4,4
b6545,ב60 מיקו ש4 ח5,5,6,5,4
b6546,ב60 מיקו ש4 ח6,5,6,6,4
b6547,ב60 מיקו ש4 ח7,5,6,7,4
b6548,ב60 מיקו ש4 ח8,5,6,8,4
b6549,ב60 מיקו ש4 ח9,5,6,9,4
b6551,ב60 מיקו ש5 ח1,5,6,1,5
b6552,ב60 מיקו ש5 ח2,5,6,2,5
b6553,ב60 מיקו ש5 ח3,5,6,3,5
b6554,ב60 מיקו ש5 ח4,5,6,4,5
b6555,ב60 מיקו ש5 ח5,5,6,5,5
b6556,ב60 מיקו ש5 ח6,5,6,6,5
b6557,ב60 מיקו ש5 ח7,5,6,7,5
b6558,ב60 מיקו ש5 ח8,5,6,8,5
b6559,ב60 מיקו ש5 ח9,5,6,9,5
b6561,ב60 מיקו ש6 ח1,5,6,1,6
b6562,ב60 מיקו ש6 ח2,5,6,2,6
b6563,ב60 מיקו ש6 ח3,5,6,3,6
b6564,ב60 מיקו ש6 ח4,5,6,4,6
b6565,ב60 מיקו ש6 ח5,5,6,5,6
b6566,ב60 מיקו ש6 ח6,5,6,6,6
b6567,ב60 מיקו ש6 ח7,5,6,7,6
b6568,ב60 מיקו ש6 ח8,5,6,8,6
b6569,ב60 מיקו ש6 ח9,5,6,9,6
b6571,ב60 מיקו ש7 ח1,5,6,1,7
b6572,ב60 מיקו ש7 ח2,5,6,2,7
b6573,ב60 מיקו ש7 ח3,5,6,3,7
b6574,ב60 מיקו ש7 ח4,5,6,4,7
b6575,ב60 מיקו ש7 ח5,5,6,5,7
b6576,ב60 מיקו ש7 ח6,5,6,6,7
b6577,ב60 מיקו ש7 ח7,5,6,7,7
b6578,ב60 מיקו ש7 ח8,5,6,8,7
b6579,ב60 מיקו ש7 ח9,5,6,9,7
b6581,ב60 מיקו ש8 ח1,5,6,1,8
b6582,ב60 מיקו ש8 ח2,5,6,2,8
b6583,ב60 מיקו ש8 ח3,5,6,3,8
b6584,ב60 מיקו ש8 ח4,5,6,4,8
b6585,ב60 מיקו ש8 ח5,5,6,5,8
b6586,ב60 מיקו ש8 ח6,5,6,6,8
b6587,ב60 מיקו ש8 ח7,5,6,7,8
b6588,ב60 מיקו ש8 ח8,5,6,8,8
b6589,ב60 מיקו ש8 ח9,5,6,9,8
b6641,ב60 סופר מיקו ש4 ח1,6,6,1,4
b6642,ב60 סופר מיקו ש4 ח2,6,6,2,4
b6643,ב60 סופר מיקו ש4 ח3,6,6,3,4
b6644,ב60 סופר מיקו ש4 ח4,6,6,4,4
b6645,ב60 סופר מיקו ש4 ח5,6,6,5,4
b6646,ב60 סופר מיקו ש4 ח6,6,6,6,4
b6647,ב60 סופר מיקו ש4 ח7,6,6,7,4
b6648,ב60 סופר מיקו ש4 ח8,6,6,8,4
b6649,ב60 סופר מיקו ש4 ח9,6,6,9,4
b6651,ב60 סופר מיקו ש5 ח1,6,6,1,5
b6652,ב60 סופר מיקו ש5 ח2,6,6,2,5
b6653,ב60 סופר מיקו ש5 ח3,6,6,3,5
b6654,ב60 סופר מיקו ש5 ח4,6,6,4,5
b6655,ב60 סופר מיקו ש5 ח5,6,6,5,5
b6656,ב60 סופר מיקו ש5 ח6,6,6,6,5
b6657,ב60 סופר מיקו ש5 ח7,6,6,7,5
b6658,ב60 סופר מיקו ש5 ח8,6,6,8,5
b6659,ב60 סופר מיקו ש5 ח9,6,6,9,5
b6661,ב60 סופר מיקו ש6 ח1,6,6,1,6
b6662,ב60 סופר מיקו ש6 ח2,6,6,2,6
b6663,ב60 סופר מיקו ש6 ח3,6,6,3,6
b6664,ב60 סופר מיקו ש6 ח4,6,6,4,6
b6665,ב60 סופר מיקו ש6 ח5,6,6,5,6
b6666,ב60 סופר מיקו ש6 ח6,6,6,6,6
b6667,ב60 סופר מיקו ש6 ח7,6,6,7,6
b6668,ב60 סופר מיקו ש6 ח8,6,6,8,6
b6669,ב60 סופר מיקו ש6 ח9,6,6,9,6
b6671,ב60 סופר מיקו ש7 ח1,6,6,1,7
b6672,ב60 סופר מיקו ש7 ח2,6,6,2,7
b6673,ב60 סופר מיקו ש7 ח3,6,6,3,7
b6674,ב60 סופר מיקו ש7 ח4,6,6,4,7
b6675,ב60 סופר מיקו ש7 ח5,6,6,5,7
b6676,ב60 סופר מיקו ש7 ח6,6,6,6,7
b6677,ב60 סופר מיקו ש7 ח7,6,6,7,7
b6678,ב60 סופר מיקו ש7 ח8,6,6,8,7
b6679,ב60 סופר מיקו ש7 ח9,6,6,9,7
b6681,ב60 סופר מיקו ש8 ח1,6,6,1,8
b6682,ב60 סופר מיקו ש8 ח2,6,6,2,8
b6683,ב60 סופר מיקו ש8 ח3,6,6,3,8
b6684,ב60 סופר מיקו ש8 ח4,6,6,4,8
b6685,ב60 סופר מיקו ש8 ח5,6,6,5,8
b6686,ב60 סופר מיקו ש8 ח6,6,6,6,8
b6687,ב60 סופר מיקו ש8 ח7,6,6,7,8
b6688,ב60 סופר מיקו ש8 ח8,6,6,8,8
b6689,ב60 סופר מיקו ש8 ח9,6,6,9,8